School Name,State,Enrollment,School Type,AD First,AD Last,AD Email,AD Phone,Fball First,Fball Last,Mascot,Colors,Conference,Address,City,Zip Code,Phone Number,School Website,Athletic WebsiteSOUTH KITSAP HIGH SCHOOL,Washington,2600,Public,Ed,Santos,santosjr@skitsap.wednet.edu, ,Eric,Canton,Wolves,Maroon Gold White ,Narrows ,425 MITCHELL AVE ,PORT ORCHARD,98366,(360) 874-5731 ,,http://www.skitap.wednet.eduAUBURN HIGH SCHOOL,Washington,2500,Public,Bob,Jones,bjones@auburn.wednet.edu, ,Gordon,Elliott,Trojans,Forest Gold White ,South Puget Sound League ,800 4TH ST NE ,AUBURN,98002,(253) 931-4888 ,,http://www.auburn.wednet.eduMARYSVILLE-PILCHUCK HIGH SCHOOL,Washington,2325,Public,Paul,G,Paul_Dockendorf@msvl.k12.wa.us,(360) 657-6168 ,Brandon,Carson,Tomahawks,Red White ,WESCO ,5611 108TH ST NE ,MARYSVILLE,98271,(360) 657-6129 ,http://www.msvl.k12.wa.us,http://www.msvl.k12.wa.usKENTRIDGE HIGH SCHOOL,Washington,2300,Public,Eric,Anderson,eric.anderson@kent.k12.wa.us, ,Marty,Osborn,Chargers,Green Gold ,SPSL ,12430 SE 208TH ST ,KENT,98031,(253) 373-7343 ,,http://www.kent.k12.wa.usBATTLE GROUND HIGH SCHOOL,Washington,2250,Public,Andy,Schoonover,schoonover.andrew@battlegroundps.org,(360) 885-6562 ,Larry,Peck,Tigers,Black Orange White ,GSHL 4A ,PO BOX 200 ,BATTLE GROUND,98604,(360) 885-6561 ,,http://www.bgsd.k12.wa.usHERITAGE HIGH SCHOOL,Washington,2200,Public,Leta,Meyer,leta.meyer@evergreenps.org,(360) 604-3405 ,Jack,Hathaway,Timberwolves,Purple Forest White ,Greater St Helens League ,7825 NE 130TH AVE ,VANCOUVER,98682,(360) 604-3410 ,,http://schools.evergreenps.org/hhs/site/default.aspKAMIAK HIGH SCHOOL,Washington,2200,Public,MajSean,Monica,monicasp@mukilteo.wednet.edu, ,Dan,Mack,Kamiak Knights,Purple Silver White ,Western Conference 4A ,10801 HARBOUR POINTE BLVD ,MUKILTEO,98275,(425) 366-5470 ,http://schools.mukilteo.wednet.edu/ka,http://schools.mukilteo.wednet.edu/kaLAKE STEVENS HIGH SCHOOL,Washington,2150,Public,Ed,Bailey,ed_bailey@lkstevens.wednet.edu,(425) 335-1527 ,Tom,Tri,Vikings,Purple Gold ,WESCO ,2908 113TH AVE NE ,LAKE STEVENS,98258,(425) 335-1516 ,http://viking.lkstevens.wednet.edu/,KENT-MERIDIAN HIGH SCHOOL,Washington,2100,Public,Ron,Hartley,Ronald.hartley@kent.k12.wa.us, ,Brett,Allen,Royals,Blue Red White ,South Puget Sound ,10020 SE 256TH ST ,KENT,98030,(253) 373-7545 ,http://www.kent.k12.wa.us,http://www.kent.k12.wa.usMOSES LAKE HIGH SCHOOL,Washington,2053,Public,Loren,Sandhop,lsandhop@mlsd.wednet.edu,2921,Todd,Griffith,Chiefs,Maroon Gold ,Columbia Basin League ,803 SHARON AVE E ,MOSES LAKE,98837,(509) 766-2666 2921,,http://www.chiefathletics.orgSKYVIEW HIGH SCHOOL,Washington,2050,Public,Jim,Condon,jim.condon@vansd.org, ,Steve,Kizer,Storms,Navy Silver White ,GSHL ,1300 NW 139TH ST ,VANCOUVER,98685,(360) 313-4206 ,http://skyview.vansd.org/,UNION HIGH SCHOOL,Washington,2050,Public,Cale,Piland,cale.piland@evergreenps.org, ,Cale,Piland,Titans,Red Gray , ,6201 NW FRIBERG STRUNK ST ,CAMAS,98607,(360) 604-6250 ,http://schools.evergreenps.org/uhs/site/default.asp,A C DAVIS SENIOR HIGH SCHOOL,Washington,2018,Public,Bob,Stanley,stanley.bob@yakimaschools.org,(509) 573-2529 ,Rick,Clark,Pirates,Orange Black ,Columbian Basin Big Nine ,212 S 6TH AVE ,YAKIMA,98902,(509) 573-2529 ,http://www.yakimaschools.org/Davis/,CAMAS HIGH SCHOOL,Washington,2000,Public,Joshua,Gibson,joshua.gibson@camas.wednet.edu,(360) 833-5760 ,Jon,Eagle,Papermakers,Red Black ,Greater St Helen's League ,26900 SE 15TH ST ,CAMAS,98607,(360) 833-5760 ,http://www.camas.wednet.edu/chs/,http://www.camas.wednet.eduMARINER HIGH SCHOOL,Washington,2000,Public,Mike,Moore,mooremr@mukilteo.wednet.edu, ,John,Ondriezek,Marauders,Navy Gold Silver ,Western 4A ,200 120TH ST SW ,EVERETT,98204,(425) 356-1703 ,,THOMAS JEFFERSON HIGH SCHOOL,Washington,2000,Public,Ron,Ness,rness@fwps.org,(253) 945-5701 ,Dean,Peck,Raiders,Cardinal Gold ,SPSL ,4248 S 288TH ST ,AUBURN,98001,(253) 945-5622 ,http://schools.fwps.org/tj/,http://www.fwps.orgISSAQUAH HIGH SCHOOL,Washington,2000,Public,Luke,Ande,andel@issaquah.wednet.edu,(425) 837-6006 ,Chris,Bennett,Eagles,Purple Gold ,Kingco ,700 2ND AVE SE ,ISSAQUAH,98027,(425) 837-6015 ,,http://www.ihs.issaquah.wednet.eduKENTWOOD HIGH SCHOOL,Washington,2000,Public,JoAnne,Daughtry,joanne.daughtry@kent.k12.wa.us, ,Kurt,Phelps,Conquerors,Black Silver Kelly ,SPSL ,25800 164TH AVE SE ,COVINGTON,98042,(253) 373-7716 ,,http://www.kentwood.wednet.eduRICHLAND HIGH SCHOOL,Washington,2000,Public,Mike,Edwards,mike.edwards@rsd.edu, ,Mike,Neidhold,Bombers,Green Gold ,Big 9 ,930 LONG AVE ,RICHLAND,99352,(509) 967-6549 ,http://www.richlandbombers.org/,WENATCHEE HIGH SCHOOL,Washington,2000,Public,BJ,Kuntz,kuntz.b@mail.wsd.wednet.edu, ,Scott,Devereaux,Panthers,Purple Gold ,Big 9 ,1101 MILLERDALE AVE ,WENATCHEE,98801,(509) 663-3384 ,,CHIAWANA HIGH SCHOOL,Washington,2000,Public,John,Cazier,jcazier@psd1.org,(509) 543-6786 5524 ,Steve,Graff,Riverhawks,Navy Silver ,Mid-Columbia Conference ,8125 W ARGENT RD ,PASCO,99301,(509) 543-6786 5524,http://www.psd1.org/Domain/122,MOUNT TAHOMA HIGH SCHOOL,Washington,1961,Public,Karen,Mulkey,kmulkey@tacoma.k12.wa.us,(253) 571-3840 ,Kevin,Hanis,Thunderbirds,Crimson Gold White ,Narrows ,4634 S 74TH ST ,TACOMA,98409,(253) 571-3840 ,,CENTRAL VALLEY HIGH SCHOOL,Washington,1950,Public,Grant,'Butch',gwalter@cvsd.org,(509) 228-5100 ,Rick,Giampietri,Bears,Col Blue White ,Greater Spokane League ,821 S SULLIVAN RD ,SPOKANE VALLEY,99037,(509) 228-5103 ,http://www.cvsd.org/centralvalley,HENRY M JACKSON HIGH SCHOOL,Washington,1950,Public,Don,Lichty,dlichty@everettsd.org, ,Joel,Vincent,Timberwolves,Black Dark Green White ,WESCO ,1508 136TH ST SE ,MILL CREEK,98012,(425) 385-7018 ,http://cms.everett.k12.wa.us/jacksonhigh/,EVERGREEN HIGH SCHOOL,Washington,1900,Public,Keenan,Burris,keenan.burris@evergreenps.org, ,Charles,Anthony,Plainsmen,Forest Gold ,Greater St Helens ,14300 NE 18TH ST ,VANCOUVER,98684,(360) 604-3710 ,,http://www.egreen.wednet.eduEISENHOWER HIGH SCHOOL,Washington,1900,Public,Paul,Stephens,stephens.paul@yakimaschools.org,(509) 573-2611 ,Dan,Eyman,Cadets,Red Blue White ,Big 9 Conference ,702 S 40TH AVE ,YAKIMA,98908,(509) 573-2611 ,http://yakimaschools.org,MOUNT VERNON HIGH SCHOOL,Washington,1861,Public,Chris,Oliver,coliver@mv.k12.wa.us, ,Jay,Silver,Bulldogs,Green White ,Northwest ,314 N 9TH ST ,MOUNT VERNON,98273,(360) 428-6191 ,http://www.mv.k12.wa.us/mvhs,http://www.nwcathletics.comPASCO HIGH SCHOOL,Washington,1850,Public,Le,Burns,lburns@psd1.org,(509) 546-2859 ,Dustin,Lamb,Bulldogs,Purple White ,Columbia Basin Big-9 ,1108 N 10TH AVE ,PASCO,99301,(509) 546-2859 ,,HENRY FOSS HIGH SCHOOL,Washington,1850,Public,Mark,Powers,mpowers@tacoma.k12.wa.us, ,Pat,Johnson,Falcons,Green Gold ,Narrows ,2112 S TYLER ST ,TACOMA,98405,(253) 571-7425 ,,http://www.fossfalcons.orgINGLEMOOR HIGH SCHOOL,Washington,1800,Public,Frank,Naish,fnaish@nsd.org,(425) 408-7215 ,Frank,Naish,Vikings,Black Gold ,Kingco ,15500 SIMONDS RD NE ,KENMORE,98028,(425) 408-7215 ,,http://www.ihsweb.nsd.orgROGERS HIGH SCHOOL,Washington,1800,Public,Peter,Collins,collinpj@puyallup.k12.wa.us, ,Gene,Bowen,Rams,Light Blue Navy ,South Puget Sound ,12801 86TH AVE E ,PUYALLUP,98373,(253) 841-8715 ,,REDMOND HIGH SCHOOL,Washington,1800,Public,John,Appelgate,jappelgate@lwsd.org, ,Mike,Pluschke,Mustangs,Dark Green Vegas Gold ,King County ,17272 NE 104TH ST ,REDMOND,98052,(425) 936-1874 ,http://www.lwsd.org,GARFIELD HIGH SCHOOL,Washington,1800,Public,Lenora,Lee,llee@seattleschools.org, ,Kevin,Goliday,Bulldogs,Purple White ,Kingco League ,400 23RD AVE ,SEATTLE,98122,(206) 252-2314 ,http://garfieldhighschool.org/,SHOREWOOD HIGH SCHOOL,Washington,1800,Public,Vicki,Gorman,vicki.gorman@shorelineschools.org, ,Andrew,Hershey,Thunderbirds,Royal Kelly White ,WESCO ,17300 FREMONT AVE N ,SHORELINE,98133,(206) 361-4389 ,http://schools.shorelineschools.org/shorewood/,SNOHOMISH HIGH SCHOOL,Washington,1800,Public,Mark,Albertine,mark.albertine@sno.wednet.edu,(360) 563-4150 ,Mark,Perry,Panthers,Red White ,WESCO ,1316 5TH ST ,SNOHOMISH,98290,(360) 563-4149 ,http://shs.sno.wednet.edu/,LINCOLN HIGH SCHOOL,Washington,1800,Public,Mike,Merril,mmerril@tacoma.k12.wa.us, ,Mike,Merill,Abes,Black Gold ,Narrows League ,701 S 37TH ST ,TACOMA,98418,(253) 571-6642 ,,http://www.lincolnabes.orgWALLA WALLA HIGH SCHOOL,Washington,1800,Public,Don,Wilkins,dwilkins@wwps.org,(509) 526-8635 ,Eric,Hisaw,Blue Devils,Royal White ,Mid Columbia Cnference ,800 ABBOTT RD ,WALLA WALLA,99362,(509) 526-8635 ,http://www.wahibluedevils.org,KENTLAKE HIGH SCHOOL,Washington,1800,Public,Bruce,Rick,bruce.rick@kent.k12.wa.us,(253) 373-4926 ,Chris,Paulson,Falcons,Cardinal Black Silver White,South Puget Sound League ,21401 SE FALCON WAY ,KENT,98042,(253) 373-4924 ,http://www.kent.k12.wa.us/ksd/KL/,TODD BEAMER HIGH SCHOOL,Washington,1800,Public,Jerry,Peterson,jpeterso@fwps.org, ,Darren,McKay,Titans,Blue Green Silver , ,35999 16TH AVE S ,FEDERAL WAY,98003,(253) 945-2570 ,,BOTHELL HIGH SCHOOL,Washington,1750,Public,Yonni,Mills,ymills@nsd.org, ,Tom,Bainter,Cougars,Royal White ,King Co ,9130 NE 180TH ST ,BOTHELL,98011,(425) 408-7015 ,http://www.nsd.org/education/school/school.php?sectionid=9,EDMONDS-WOODWAY HIGH SCHOOL,Washington,1750,Public,Julie,Stroncek,stroncekj@edmonds.wednet.edu, ,John,Gradwohl,Warriors,Forest Purple ,Western 4A ,7600 212TH ST SW ,EDMONDS,98026,(425) 431-6177 ,,OLYMPIA HIGH SCHOOL,Washington,1750,Public,Tim,Ahern,tahern@osd.wednet.edu,(360) 596-7028 ,Bill,Beattie,Bears,Navy White ,Narrows League ,1302 NORTH ST SE ,TUMWATER,98501,(360) 596-7007 ,http://olympia.osd.wednet.edu/,ROOSEVELT HIGH SCHOOL,Washington,1750,Public,Michael,Scott,mjscott@seattleschools.org, ,Jeff,Ware,Rough Riders,Green Gold ,Kingco ,1410 NE 66TH ST ,SEATTLE,98115,(206) 252-4911 ,,http://www.rhs.seattleschools.orgMOUNTAIN VIEW HIGH SCHOOL,Washington,1750,Public,Adam,Mathieson,adam.mathieson@evergreenps.org, ,Adam,Mathieson,Thunder,Royal Kelly White ,Greater St Helens ,1500 SE BLAIRMONT DR ,VANCOUVER,98683,(360) 604-6110 ,http://schools.evergreenps.org/mvhs/site/default.asp,SKYLINE HIGH SCHOOL,Washington,1750,Public,Ryan,Gilbert,gilbertr@issaquah.wednet.edu, ,Mat,Taylor,Spartans,Hunter Green Silver White ,Kingco Conf ,1122 228TH AVE SE ,SAMMAMISH,98075,(425) 837-7737 ,,http://www.shs.issaquah.wednet.edu/AUBURN RIVERSIDE HIGH SCHOOL,Washington,1729,Public,Doug,Aubert,daubert@auburn.wednet.edu, ,Bob,Morgan,Ravens,Navy Silver Teal ,South Puget Sound League ,501 ORAVETZ RD SE ,AUBURN,98092,(253) 804-5159 ,,http://www.auburn.wednet.eduSEHOME HIGH SCHOOL,Washington,1700,Public,Colin,Cushman,colin.cushman@bellinghamschools.org, ,Darren,Tinnerstet,Mariners,Forest Gold ,Wesco 4A ,2700 BILL MCDONALD PKWY ,BELLINGHAM,98225,(360) 676-6481 5200,http://sehome.bellinghamschools.org/,JOEL E FERRIS HIGH SCHOOL,Washington,1700,Public,Stacey,Ward,staceyw@spokaneschools.org, ,Jim,Sharkey,Saxons,Scarlet Silver ,Greater Spokane League ,3020 E 37TH AVE ,SPOKANE,99223,(509) 354-6010 ,,http://www.spokaneschools.orgSTADIUM HIGH SCHOOL,Washington,1700,Public,James,M,jcatali@tacoma.k12.wa.us, ,Jess,Nelson,Tigers,Gold Blue ,Narrows League ,111 N E ST ,TACOMA,98403,(253) 571-3107 ,,http://www.tacoma.k12.wa.usPUYALLUP HIGH SCHOOL,Washington,1675,Public,John,Wettbrauer,wetterjr@puyallup.k12.wa.us, ,Gary,Jeffers,Vikings,Purple Gold ,South Puget Sound League ,105 7TH ST SW ,PUYALLUP,98371,(253) 841-8711 6024,,http://www.puyallup.k12.wa.usKENNEWICK HIGH SCHOOL,Washington,1660,Public,Ronny,Coleman,ronny.coleman@ksd.org,(509) 222-7107 ,Bill,Templeton,Lions,Black Orange ,Mid Columbia ,500 S DAYTON ST ,KENNEWICK,99336,(509) 222-5314 ,,http://www.kehs.ksd.orgKAMIAKIN HIGH SCHOOL,Washington,1655,Public,Casey,Gant,casey.gant@ksd.org,(509) 222-7000 6519 ,Scott,Biglin,Braves,Scarlet Gold ,Mid Columbia Conference ,600 N ARTHUR ST ,KENNEWICK,99336,(509) 222-7000 6519,http://school.ksd.org/kamiakin,http://school.ksd.org/kamiakin/sportsLYNNWOOD HIGH SCHOOL,Washington,1650,Public,Michelle,Waddell,waddellm@edmonds.wednet.edu, ,Mike,Don,Royals,Gold Black ,WESCO South ,18218 NORTH RD ,BOTHELL,98012,(425) 431-5345 ,http://www.edmonds.wednet.edu/lhs/site/default.asp,UNIVERSITY HIGH SCHOOL,Washington,1650,Public,Ken,VanSickle,kvansickle@cvsd.org, ,Robert,Bartlett,Titans,Crimson Gold ,Greater Spokane ,12420 E 32ND AVE ,SPOKANE VALLEY,99216,(509) 228-5245 ,,CASCADE HIGH SCHOOL,Washington,1631,Public,David,Peters,dpeters@everettsd.org, ,Joe,Cronin,Bruins,Crimson Gray ,Western ,801 E CASINO RD ,EVERETT,98203,(425) 385-6016 ,,http://www.everettsd.orgBALLARD HIGH SCHOOL,Washington,1604,Public,Carrie,Burr,cjburr@seattleschools.org, ,John,Bowers,Beavers,Red Black ,KingCo ,1418 NW 65TH ST ,SEATTLE,98117,(206) 252-1076 ,http://www.ballardbeavers.org,ARLINGTON HIGH SCHOOL,Washington,1600,Public,Tom,Roys,tom_roys@asd.wednet.edu,(360) 618-6300 3301 ,Greg,Dailer,Eagles,Navy Vegas Gold ,Wesco 4A ,18821 CROWN RIDGE BLVD ,ARLINGTON,98223,(360) 618-6306 ,,http://www.asd.wednet.eduENUMCLAW HIGH SCHOOL,Washington,1600,Public,Kevin,Smith,kevin_smith@enumclaw.wednet.edu,(360) 802-7721 ,Mark,Gunderson,Hornets,Maroon Gold ,South Puget Sound League ,226 SEMANSKI ST ,ENUMCLAW,98022,(360) 802-7721 ,,EVERETT HIGH SCHOOL,Washington,1600,Public,Jack,Roy,jroy@everettsd.org,(425) 385-4491 ,Will,Soren,Seagull,Blue Gold ,Western ,2416 COLBY AVE ,EVERETT,98201,(425) 385-4426 ,http://www.everett.k12.wa.us/everetthigh/,http://www.everett.k12.wa.us/TIMBERLINE HIGH SCHOOL,Washington,1600,Public,Patrick,Geiger,pgeiger@nthurston.k12.wa.us, ,Nick,Mullen,Blazers,Forest Gold ,Western Cascade Conf ,6120 MULLEN RD SE ,LACEY,98503,(360) 412-4870 ,,http://nthurston.k12.wa.us/timberlineOAK HARBOR HIGH SCHOOL,Washington,1600,Public,Nicki,Luper,nluper@ohsd.net,(360) 279-5851 ,Jay,Turner,Wildcats,Purple Vegas Gold ,WESCO ,1 WILDCAT WAY ,OAK HARBOR,98277,(360) 279-5851 ,http://www.ohsd.net/ohhs,http://wescoathletics.comMC LOUGHLIN MIDDLE SCHOOL,Washington,1600,Public,Janet,Esparza,jesparza@psd1.org, ,Gregg,Huisingh,Panthers,Navy Gold , ,2803 N ROAD 88 ,PASCO,99301,(509) 547-4542 4531,,LEWIS & CLARK HIGH SCHOOL,Washington,1600,Public,Jeff,Norton,jeffn@spokaneschools.org, ,Dave,Hughes,Tigers,Orange Black ,Greater Spokane ,521 W 4TH AVE ,SPOKANE,99204,(509) 354-6891 ,http://www.spokaneschools.org/lewisclark/site/default.asp,http://www.lctigers.comSHADLE PARK HIGH SCHOOL,Washington,1600,Public,Bruce,Hafferkamp,bruceh@spokaneschools.org, ,Alan,Stanfield,Highlanders,Green Gold ,Greater Spokane League ,4327 N ASH ST ,SPOKANE,99205,(509) 354-6712 ,http://www.spokaneschools.org/shadle/site/default.asp,SUNNYSIDE HIGH SCHOOL,Washington,1600,Public,Bill,Daley,william.daley@sunnyside.wednet.edu, ,Mark,Marro,Grizzlies,Red Black White ,Big 9 ,1801 E EDISON AVE ,SUNNYSIDE,98944,(509) 836-3228 ,,MEAD HIGH SCHOOL,Washington,1600,Public,John,Barrington,john.barrington@mead354.org, ,Sean,Carty,Panthers,Navy Vegas Gold ,GSL ,302 W HASTINGS RD ,SPOKANE,99218,(509) 465-7011 ,http://www.mead354.org,http://www.mead354.orgEMERALD RIDGE HIGH SCHOOL,Washington,1600,Public,Dell,Dittus,dittuslj@puyallup.k12.wa.us, ,Troy,Halfaday,Jaguars,Deep Green Silver Black ,South Puget Sound League ,12405 184TH ST E ,PUYALLUP,98374,(253) 435-6306 ,,http://www.gojags.org/DECATUR HIGH SCHOOL,Washington,1575,Public,Kelly,Kirk,kkirk@fwps.org, ,Leon,Hatch,Gators,Blue Gold ,South Puget Sound ,2800 SW 320TH ST ,FEDERAL WAY,98023,(253) 945-5253 ,http://www.fwps.org/decatur,MOUNT SI HIGH SCHOOL,Washington,1570,Public,Greg,Hart,hartg@svsd410.org, ,Charlie,Kinnune,Wildcats,Scarlet Gray ,King County ,8651 MEADOWBROOK WAY SE ,SNOQUALMIE,98065,(425) 831-8107 ,,http://www.mountsihighschool.comNORTH CENTRAL HIGH SCHOOL,Washington,1569,Public,Roed,Freeland,roedf@spokaneschools.org, ,Brian,Gardner,Indians,Red Black ,Greater Spokane League ,1600 N HOWARD ST ,SPOKANE,99205,(509) 354-6235 ,http://www.spokaneschools.org/northcentral/site/default.asp,JOHN R ROGERS HIGH SCHOOL,Washington,1550,Public,Tim,Wood,timothyw@spokaneschools.org,4953,Matt,Miethe,Pirates,Purple Gold ,Greater Spokane ,1622 E WELLESLEY AVE ,SPOKANE,99207,(509) 354-5790 ,http://www.spokaneschools.org/rogers/site/default.asp,http://www.spokaneschools.orgGIG HARBOR HIGH SCHOOL,Washington,1530,Public,Dale,Johnson,johnsondh@psd401.net, ,Aaron,Chantler,Tides,Blue White ,Narrows ,5101 ROSEDALE ST NW ,GIG HARBOR,98335,(253) 530-1400 11,http://www.gigharborhs.psd401.net/,MT SPOKANE HIGH SCHOOL,Washington,1525,Public,Paul,Kautzman,paul.kautzman@mead354.org,(509) 465-7229 ,Mike,McLaughlin,Wildcats,Navy Cardinal ,Greater Spokane ,6015 E MT SPOKANE PARK DR ,MEAD,99021,(509) 465-7229 ,http://www.mead354.org/page.cfm?p=99,http://www.winitoathletics.com/Institution.aspx?instituteId=98034&EASTLAKE HIGH SCHOOL,Washington,1525,Public,Pat,Bangasser,pbangasser@lwsd.org,(425) 936-1510 ,Gene,Dales,Wolves,Crimson Forest White ,Kingco ,400 228TH AVE NE ,SAMMAMISH,98074,(425) 936-1500 ,,http://www.ehs.lkwash.wednet.eduFERNDALE HIGH SCHOOL,Washington,1500,Public,Vic,Randall,vic.randall@fsd.k12.wa.us, ,Jamie,Plenkovich,Golden Eagles,Royal Gold ,Northwest ,PO BOX 428 ,FERNDALE,98248,(360) 383-9249 ,,TAHOMA HIGH SCHOOL,Washington,1500,Public,Tony,Davis,tdavis@tahomasd.us, ,Tony,Davis,Bears,Royal Gold ,South Puget Sound ,18200 SE 240TH ST ,COVINGTON,98042,(425) 413-6302 ,http://tshs.tahomasd.us/,MEADOWDALE HIGH SCHOOL,Washington,1500,Public,Chris,Murphy,murphych@edmonds.wednet.edu,(425) 431-6592 ,Mark,Stewart,Mavericks,Navy Col Blue White ,WESCO ,6002 168TH ST SW ,LYNNWOOD,98037,(425) 431-6592 ,,http://www.edmonds.wednet.eduPRAIRIE HIGH SCHOOL,Washington,1500,Public,Stephanie,Watts,watts.stephanie@battlegroundps.org, ,Terry,Hyde,Falcons,Crimson Gold White ,Greater St Helens Conf ,PO BOX 200 ,BATTLE GROUND,98604,(360) 885-5013 ,,http://www.phs.bgsd.k12.wa.usHIGHLINE HIGH SCHOOL,Washington,1500,Public,Mary,Segle,seglem@highlineschools.org,(206) 631-6740 ,Juan,Cotto,Pirates,Purple Gold ,Seamount ,225 S 152ND ST ,BURIEN,98148,(206) 631-6740 ,http://www.highlineschools.org,BETHEL HIGH SCHOOL,Washington,1500,Public,Alan,Barnes,abarnes@bethelsd.org,(253) 683-7073 ,Gavin,Kralik,Braves,Crimson Gray Black ,South Puget Sound ,22215 38TH AVE E ,SPANAWAY,98387,(253) 683-7073 ,http://bhs.bethelsd.org/web/index.htm,STANWOOD HIGH SCHOOL,Washington,1500,Public,Tom,Wilfong,twilfong@stanwood.wednet.edu,(360) 629-1321 ,Aaron,Cupp,Spartans,Red White ,WESCO 4A ,7400 272ND ST NW ,STANWOOD,98292,(360) 629-1322 ,http://shsweb.stanwood.wednet.edu/,SOUTHRIDGE HIGH SCHOOL,Washington,1500,Public,Ken,Murray,ken.murray@ksd.org, ,Tony,Reiboldt,Suns,Blue Gold ,MCC Mid Columbia Conference ,3520 SOUTHRIDGE BLVD ,KENNEWICK,99338,(509) 222-5129 ,http://www.ksd.org/schools/secondary/Southridge/default.aspx,AUBURN MOUNTAINVIEW HIGH SCHOOL,Washington,1500,Public,Chris,Carr,ccarr@auburn.wednet.edu,(253) 804-4539 2110 ,Jared,Gervais,Lions,Royal Orange , ,28900 124TH AVE SE ,AUBURN,98092,(253) 804-4539 ,http://www.auburn.wednet.edu,http://www.auburn.wednet.edu/amhsMERCER ISLAND HIGH SCHOOL,Washington,1450,Public,Craig,Olson,craig_olson@misd.wednet.edu, ,Brett,Ogata,Islanders,Maroon White ,Kingco Conference ,9100 SE 42ND ST ,MERCER ISLAND,98040,(206) 236-3386 ,,http://www.misd.wednet.eduHANFORD HIGH SCHOOL,Washington,1450,Public,Tom,Hegarty,thomas.hegarty@rsd.edu, ,Rob,Oram,Falcons,Purple Gold ,Big Nine ,450 HANFORD ST ,RICHLAND,99354,(509) 967-6512 ,,FORT VANCOUVER HIGH SCHOOL,Washington,1450,Public,Dirk,Hansen,dirk.hansen@vansd.org, ,Eric,Ollikainen,Trappers,Red White ,Southwest Washington ,5700 E 18TH ST ,VANCOUVER,98661,(360) 313-4013 ,http://fort.vansd.org,http://fort.vansd.orgYELM HIGH SCHOOL,Washington,1435,Public,Thad,Nelson,tnelson@ycs.wednet.edu, ,Randy,Swilley,Tornados,Red Black ,Western Cascade Conf ,PO BOX 476 ,YELM,98597,(360) 458-6208 ,,http://www.ycs.wednet.eduBONNEY LAKE HIGH SCHOOL,Washington,1417,Public,Brian,Scheerer,brian_scheerer@sumnersd.org, ,Jason,Silbaugh,Panthers,Black Silver Teal White,SPSL 3A ,10920 199TH AVENUE CT E ,BONNEY LAKE,98391,(253) 891-5700 ,http://www.sumnersd.org,http://www.spslathletics.comNEWPORT HIGH SCHOOL,Washington,1400,Public,Gill,James,jamesg@bsd405.org,(425) 456-7416 ,Mike,Miller,Knights,Scarlet Gold ,King Co ,4333 FACTORIA BLVD SE ,BELLEVUE,98006,(425) 456-7416 ,http://schools.bsd405.org/nhs/homepage/,http://schools.bsd405.org/nhs/homepage/sports/index.htmlNORTH THURSTON HIGH SCHOOL,Washington,1400,Public,Dan,Clark,dclark@nthurston.k12.wa.us,(360) 412-4809 ,Rocky,Patchin,Rams,Purple White ,Evergreen Conference ,600 SLEATER KINNEY RD NE ,LACEY,98506,(360) 412-4809 41167,,CAPITAL HIGH SCHOOL,Washington,1400,Public,Steve,Bellande,sbellande@osd.wednet.edu,(360) 596-8070 ,John,Johnson,Cougars,Cardinal Gold ,Western Cascade Conference ,2707 CONGER AVE NW ,OLYMPIA,98502,(360) 753-8070 ,http://www.chs.osd.wednet.edu,http://www.chs.osd.wednet.eduCURTIS SENIOR HIGH SCHOOL,Washington,1400,Public,Terry,Jenks,tjenks@upsd.wednet.edu,(253) 566-5710 2154 ,Clay,Angle,Vikings,Blue White ,South Puget Sound ,8425 40TH ST W ,UNIVERSITY PLACE,98466,(253) 566-5718 ,http://www.upsd.wednet.edu,http://www.upsd.wednet.eduHUDSON'S BAY HIGH SCHOOL,Washington,1400,Public,Stoney,Myers,stoney.myers@vansd.org,(360) 313-4412 ,Mike,Funderburg,Eagles,Gold Black ,Greater St Helens ,1601 E MCLOUGHLIN BLVD ,VANCOUVER,98663,(360) 313-4414 ,http://bay.vansd.org/,WOODINVILLE HIGH SCHOOL,Washington,1400,Public,Terry,Agnew,tagnew@nsd.org, ,Wayne,Maxwell,Falcons,Kelly Royal White ,King Co 4A ,19819 136TH AVE NE ,WOODINVILLE,98072,(425) 408-7400 ,,http://www.nsd.orgLAKES HIGH SCHOOL,Washington,1400,Public,Scott,Nordi,snordi@cloverpark.k12.wa.us, ,Dave,Miller,Lancers,Royal Burnt Orange ,South Puget Sound League ,10320 FARWEST DR SW ,LAKEWOOD,98498,(253) 583-5579 ,,MARYSVILLE GETCHELL HIGH SCHOOL CAMPUS,Washington,1400,Public,Kurt,Hollstein,kurt_hollstein@msvl.k12.wa.us, ,Davis,Lura,Chargers,Hunter Green Vegas Gold , ,8301 84TH ST NE ,MARYSVILLE,98270,(360) 651-5781 ,http://www.msvl.k12.wa.us,WOODROW WILSON HIGH SCHOOL,Washington,1390,Public,John,Portenier,jporten@tacoma.k12.wa.us,(253) 571-6069 ,Don,Clegg,Rams,Red Blue White ,Narrows ,1202 N ORCHARD ST ,TACOMA,98406,(253) 571-6069 ,http://www.wilsonrams.org,http://www.tacoma.k12.wa.usBAINBRIDGE HIGH SCHOOL,Washington,1380,Public,Annette,Duvall,aduvall@bisd303.org,(206) 780-1366 ,Andy,Grimm,Spartans,Blue Gold ,Metro ,9330 NE HIGH SCHOOL RD ,BAINBRIDGE ISLAND,98110,(206) 842-2634 ,,http://www.bainbridge.wednet.eduFRANKLIN HIGH SCHOOL,Washington,1380,Public,Cara,McEvoy,cjmcevoy@seattleschools.org,(206) 252-6164 ,Jim,Wright,Quakers,Forest Black ,Metro ,3013 S MOUNT BAKER BLVD ,SEATTLE,98144,(206) 252-6282 ,http://www.franklinhs.seattleschools.org,WEST SEATTLE HIGH SCHOOL,Washington,1376,Public,Kim,Depew,kcdepew@seattleschools.org, ,Davis,Lura,Wildcats,Navy Vegas Gold ,Metro ,3000 CALIFORNIA AVE SW ,SEATTLE,98116,(206) 252-8792 ,http://westsideathletics.com,http://www.seattleschools.orgMOUNTLAKE TERRACE HIGH SCHOOL,Washington,1360,Public,Kim,Stewart,stewartk@edmonds.wednet.edu, ,Tony,Umayam,Hawks,Scarlet Silver ,WESCO 4 ,21801 44TH AVE W ,MOUNTLAKE TERRACE,98043,(425) 431-5693 ,http://www.edmonds.wednet.edu/mths/site/default.asp,MOUNT RAINIER HIGH SCHOOL,Washington,1350,Public,Darren,Rawie,rawied@hsd401.org, ,Scott,Leick,Rams,Col Blue White ,Seamount ,22450 19TH AVE S ,DES MOINES,98198,(206) 433-2441 ,http://www.hsd401.org/ourschools/highschools/mtrainier/,FEDERAL WAY HIGH SCHOOL,Washington,1350,Public,John,Meagher,jmeagher@fwps.org,(253) 945-5422 ,John,Meagher,Eagles,Blue White ,South Puget Sound ,30611 16TH AVE S ,FEDERAL WAY,98003,(253) 945-5402 ,http://schools.fwps.org/fwhs/,http://www.fwps.orgCENTRAL KITSAP HIGH SCHOOL,Washington,1350,Public,Bill,Baxter,billb@cksd.wednet.edu, ,Mark,Keel,Cougars,Orange Black ,Narrows League ,PO BOX 8 ,SILVERDALE,98383,(360) 662-2541 ,,SQUALICUM HIGH SCHOOL,Washington,1339,Public,Patrick,Brown,Patrick.Brown@bellinghamschools.org,(360) 303-0664 6845 ,Reed,Richardson,Storm,Navy Silver White ,Northwest ,3773 E MCLEOD RD ,BELLINGHAM,98226,(360) 676-6472 6845,http://squalicum.bellinghamschools.org/,http://squalicum.bellinghamschools.org/squalicum-athleticsHAZEN HIGH SCHOOL,Washington,1322,Public,Ed,Crow,ed.crow@rentonschools.us,(425) 204-4261 ,Drew,Oliver,Highlanders,Blue Gold Green ,Seamount ,1101 HOQUIAM AVE NE ,RENTON,98059,(425) 204-4250 ,http://hazen.rentonschools.us/,BELLEVUE HIGH SCHOOL,Washington,1300,Public,Lance,Gatter,gatterl@bsd405.org, ,Butch,Goncharoff,Wolverines,Blue Gold ,Kingco ,10416 WOLVERINE WAY ,BELLEVUE,98004,(425) 456-7038 ,http://schools.bsd405.org/bhs/homepage/,http://schools.bsd405.org/bhs/homepage/SHORECREST HIGH SCHOOL,Washington,1300,Public,Lane,Loland,lane.loland@shorelineschools.org,4290,Brandon,Christensen,Scots,Green Gold ,Wesco ,15343 25TH AVE NE ,SHORELINE,98155,(206) 361-4309 ,,http://www.shorelineschools.orgGRAHAM-KAPOWSIN HIGH SCHOOL,Washington,1300,Public,Liz,Roloff,eroloff@bethelsd.org, ,,,Eagles,Royal Orange White , ,22100 108TH AVE E ,GRAHAM,98338,(253) 683-6185 ,http://gkhs.bethelsd.org/,RENTON HIGH SCHOOL,Washington,1289,Public,Wendell,Ellis,wendell.ellis@rentonschools.us, ,Donald,Ponds,Indians,Red White ,Seamount ,400 S 2ND ST ,RENTON,98057,(425) 204-3418 ,,http://www.renton.wednet.eduEASTMONT HIGH SCHOOL,Washington,1280,Public,Russ,Waterman,watermanr@eastmont206.org,(509) 884-6665 1202 ,Doug,McGill,Wildcats,Red Col Blue ,Columbia Basin Big 9 Conference ,955 3RD ST NE ,EAST WENATCHEE,98802,(509) 884-8733 ,http://ehs.eastmont206.schoolfusion.us/,COLUMBIA RIVER HIGH SCHOOL,Washington,1280,Public,Dana,Selby,dana.selby@vansd.org,(360) 313-3907 ,John,O'Rourke,Chieftains,Purple Gold ,Greater St Helens ,800 NW 99TH ST ,VANCOUVER,98665,(360) 313-3924 ,http://river.vansd.org/,http://river.vansd.org/LINDBERGH HIGH SCHOOL,Washington,1257,Public,Charles,James,charles.james@rentonschools.us,(425) 204-3210 ,Pat,O'grady,Eagles,Blue Red White ,Seamount ,16426 128TH AVE SE ,RENTON,98058,(425) 204-3171 ,http://lindbergh.rentonschools.us/,INTERLAKE HIGH SCHOOL,Washington,1200,Public,Art,Kuehn,kuehna@bsd405.org, ,Jason,Rimkus,Saints,White Col Blue ,King Co ,16245 NE 24TH ST ,BELLEVUE,98008,(425) 456-7200 ,,BREMERTON HIGH SCHOOL,Washington,1200,Public,Jeff,Barton,jeff.barton@bremertonschools.org, ,Nate,Gillam,Knights,Royal Gold ,Olympic ,1500 13TH ST ,BREMERTON,98337,(360) 473-0905 ,http://bremertonschools.org/ourschools/bremertonhigh/,http://bremertonschools.orgWHITE RIVER HIGH SCHOOL,Washington,1200,Public,Chris,Gibson,cgibson@whiteriver.wednet.edu, ,Ken,Fagan,Hornets,Maroon Gold ,South Puget Sound 3A ,PO BOX 1683 ,BUCKLEY,98321,(360) 829-5507 ,http://www.whiteriver.wednet.edu/Schools/wrhs/,PENINSULA HIGH SCHOOL,Washington,1200,Public,Curtiss,Hall,hallc@psd401.net,(253) 530-4410 ,Ross,Filkins,Seahawks,Green Gold ,SPSL ,14105 PURDY LN NW ,GIG HARBOR,98332,(253) 530-4411 ,http://www.phs.psd401.net/default.asp,LAKE WASHINGTON HIGH SCHOOL,Washington,1200,Public,George,Crowder,gcrowder@lwsd.org, ,Steve,Supple,Kangaroos,Purple White ,Kingco ,12033 NE 80TH ST ,KIRKLAND,98033,(425) 828-3371 370,http://www.lwsd.org/school/lwhs/Pages/default.aspx,INGRAHAM HIGH SCHOOL,Washington,1200,Public,Traci,Huffer,thuffer@seattleschools.org, ,Lee,Thornhill,Rams,Royal Gray White ,Metropolitan ,1819 N 135TH ST ,SEATTLE,98133,(206) 252-4000 ,,http://www.seattleschools.orgOLYMPIC HIGH SCHOOL,Washington,1200,Public,Nate,Andrews,natea@cksd.wednet.edu,(360) 662-2711 ,Tim,Allbee,Trojans,Blue Silver White ,Narrows ,PO BOX 8 ,SILVERDALE,98383,(360) 662-2711 ,http://olhs.cksd.wednet.edu/,LIBERTY HIGH SCHOOL,Washington,1200,Public,Stark,Porter,porters@issaquah.wednet.edu, ,Steve,Valach,Patriots,Blue Green Silver ,Kingco ,16655 SE 136TH ST ,RENTON,98059,(425) 837-4806 ,,http://www.liberty.issaquah.wednet.eduSPANAWAY LAKE HIGH SCHOOL,Washington,1180,Public,Mark,Torgerson,mtorgerson@bethelsd.org, ,John,Robak,Sentinels,Black Silver Teal White,South Puget Sound ,1305 168TH ST E ,SPANAWAY,98387,(253) 683-5673 ,http://slhs.bethelsd.org/,SUMNER HIGH SCHOOL,Washington,1175,Public,Jeff,Baines,jeffrey_baines@sumnersd.org,(253) 891-5500 107 ,Keith,Ross,Spartans,Purple Gold ,South Puget Sound ,1707 MAIN ST ,SUMNER,98390,(253) 891-5500 107,http://www.sumnersd.org,http://WPANetwork.comKELSO HIGH SCHOOL,Washington,1154,Public,Ray,Cattin,ray.cattin@kelso.wednet.edu,(360) 501-1842 ,Pat,Hymes,Hilanders,Royal Gold ,Greater St Helens ,1904 ALLEN ST ,KELSO,98626,(360) 501-1846 ,http://www.kelso.wednet.edu/khs/index.html,SEDRO WOOLLEY HIGH SCHOOL,Washington,1152,Public,Todd,Torgeson,ttorgeson@swsd.k12.wa.us, ,Dave,Ward,Cubs,Royal White ,Northwest Conf ,1235 3RD ST ,SEDRO WOOLLEY,98284,(360) 855-3514 ,http://www.swsd.k12.wa.us,http://www.swsd.k12.wa.usFRANKLIN PIERCE HIGH SCHOOL,Washington,1150,Public,Terry,Cavender,tcavender@fpschools.org, ,Howard,Lutton,Cardinals,Red Gold White Black,South Puget Sound League ,11002 18TH AVE E ,TACOMA,98445,(253) 298-3956 ,http://www.fpschools.org,RIVER RIDGE HIGH SCHOOL,Washington,1148,Public,Gary,Larson,glarson11@nthurston.k12.wa.us, ,Steve,Schultz,Hawks,Navy Silver White ,Evergreen Conference ,350 RIVER RIDGE DR SE ,LACEY,98513,(360) 412-4832 ,http://www.nthurston.k12.wa.us/riverridge,http://www.nthurston.k12.wa.us/education/school/school.phpNORTH KITSAP HIGH SCHOOL,Washington,1138,Public,Chris,Franklin,cfranklin@nkschools.org,(360) 598-8419 ,Jeff,Weible,Vikings,Purple Gold ,Olympic League ,1780 NE HOSTMARK ST ,POULSBO,98370,(360) 598-8431 ,http://www.nkschools.org,http://Nkschools.orgBURLINGTON-EDISON HIGH SCHOOL,Washington,1119,Public,Don,Beazizo,dbeazizo@be.wednet.edu,3509,Herb,Lehman,Tigers,Navy Gold ,Northwest Conf ,301 N BURLINGTON BLVD ,BURLINGTON,98233,(360) 757-4074 3505,http://www.be.wednet.edu,http://www.be.wednet.eduMONROE HIGH SCHOOL,Washington,1105,Public,Brett,Wille,willeb@monroe.wednet.edu, ,Dave,Telford,Bearcats,Orange Black ,WESCO 4A ,17001 TESTER RD ,MONROE,98272,(360) 863-4003 ,,http://www.monroe.wednet.eduWEST VALLEY HIGH SCHOOL,Washington,1105,Public,Joe,Coscarart,coscarartj@wvsd208.org,(509) 972-5942 ,Jon,Beck,Rams,Col Blue Red White ,Columbia Basin Big 9 League ,9800 ZIER RD ,YAKIMA,98908,(509) 972-5942 ,http://www.wvsd208.org/hs/sitehome,http://hs.wvsd208.org/sitehome/sports/sports.htmSHELTON HIGH SCHOOL,Washington,1100,Public,Jim,Judson,jjudson@sheltonschools.org,(360) 432-2124 ,Matt,Hinkle,Highclimbers,Red Black ,Narrows League ,3737 N SHELTON SPRINGS RD ,SHELTON,98584,(360) 432-2147 ,,http://www.sheltonschools.orgEAST VALLEY HIGH SCHOOL,Washington,1100,Public,Joe,Kostecka,kosteckaj@evsd.org, ,Adam,Fisher,Knights,Green White ,GNL ,15711 E WELLESLEY AVE ,SPOKANE VALLEY,99216,(509) 241-5279 ,http://evsd.org,CLOVER PARK HIGH SCHOOL,Washington,1100,Public,Scott,Nordi,snordi@cloverpark.k12.wa.us,(253) 583-5520 ,Jon,Randall,Warriors,Green White Gold ,South Puget Sound League ,11023 GRAVELLY LAKE DR SW ,LAKEWOOD,98499,(253) 583-5520 ,,http://spslathletics.comJUANITA HIGH SCHOOL,Washington,1098,Public,Steve,Juzeler,sjuzeler@lwsd.org,(425) 936-1606 ,Shaun,Tarantola,Rebels,Red Navy White ,King County ,10601 NE 132ND ST ,KIRKLAND,98034,(425) 936-1606 ,http://www.lwsd.org/school/jhs,BELLINGHAM HIGH SCHOOL,Washington,1078,Public,Chad,Larsen,Chad.Larsen@bellinghamschools.org,7167,Doug,Trainor,Red Raiders,Red White ,Northwest Conference ,2020 CORNWALL AVE ,BELLINGHAM,98225,(360) 676-6575 ,,http://www.bhs.bham.wednet.edu/SAMMAMISH HIGH SCHOOL,Washington,1075,Public,Pat,McCarthy,mccarthyp@bsd405.org, ,Brian,Tucci,Totems,Red Black ,King Co ,100 140TH AVE SE ,BELLEVUE,98005,(425) 456-7613 ,http://schools.bsd405.org/shs/,PORT ANGELES HIGH SCHOOL,Washington,1063,Public,Dwayne,Johnson,dwjohnson@portangelesschools.org,(360) 565-1608 ,Tom,Wahl,Roughriders,Green White ,Olympic ,304 E PARK AVE ,PORT ANGELES,98362,(360) 565-1608 ,http://www.portangelesschools.org/pahs/,http://www.paathletics.comKLAHOWYA HIGH SCHOOL,Washington,1060,Public,Todd,Winters,toddw@cksd.wednet.edu, ,Dan,Erickson,Eagles,Green Black White ,Olympic League ,PO BOX 8 ,SILVERDALE,98383,(360) 662-4086 ,,http://www.cksd.wednet.eduMARK MORRIS HIGH SCHOOL,Washington,1025,Public,Robert,Blackman,rblackman@longview.k12.wa.us, ,Shawn,Perkins,Monarchs,Col Blue Scarlet Navy ,Greater St Helens ,1602 MARK MORRIS CT ,LONGVIEW,98632,(360) 575-7669 ,http://www.longview.k12.wa.us/mmhs/,CENTRALIA HIGH SCHOOL,Washington,1000,Public,Josh,Lowe,jlowe@centralia.wednet.edu, ,Steve,Amrine,Tigers,Orange Black ,2A Evergreen ,813 ESHOM RD ,CENTRALIA,98531,(360) 330-7612 ,http://www.centralia.k12.wa.us,http://www.GoCentraliaTigers.comR A LONG HIGH SCHOOL,Washington,1000,Public,Ty,Morris,tmorris@longview.k12.wa.us,(360) 575-7227 ,Erik,Bertram,Lumberjacks,Red Black ,Greater St Helens League ,2903 NICHOLS BLVD ,LONGVIEW,98632,(360) 575-7227 ,http://www.longview.k12.wa.us/ralong,http://www.longview.k12.wa.us/ralongEVERGREEN CAMPUS,Washington,1000,Public,DrMark,Cross,mark.cross@highlandschools.org,(206) 631-6166 ,Andy,Arena,Wolverines,Green Gold White ,Seamount ,830 SW 116TH ST ,SEATTLE,98146,(206) 631-6166 ,http://www.highlineschools.org/evergreen/Pages/Home.aspx,NATHAN HALE HIGH SCHOOL,Washington,1000,Public,Darby,Haskins,djhaskins@seattleschools.org,(206) 252-3754 ,Hoover,Hopkins,Raiders,Red Navy White ,Metro ,10750 30TH AVE NE ,SEATTLE,98125,(206) 252-3754 ,,CHIEF SEALTH HIGH SCHOOL,Washington,980,Public,Sam,Reed,sjreed@seattleschools.org,(206) 252-8593 ,Luther,Carr,Seahawks,Col Blue Red White ,"WIAA, Metro ",2600 SW THISTLE ST ,SEATTLE,98126,(206) 252-8561 ,,WASHOUGAL HIGH SCHOOL,Washington,960,Public,Doug,Cox,doug.cox@washougal.k12.wa.us, ,Josh,Gibson,Panthers,Orange Black ,Greater St Helens ,1201 39TH ST ,WASHOUGAL,98671,(360) 954-3104 ,http://www.washougal.k12.wa.us,SEQUIM HIGH SCHOOL,Washington,960,Public,Dave,Ditlefsen,dditlefsen@sequim.k12.wa.us, ,Erik,Wiker,Wolves,Purple Gold ,Nisqually ,601 N SEQUIM AVE ,SEQUIM,98382,(360) 582-3602 ,,http://www.sequim.k12.wa.usELLENSBURG HIGH SCHOOL,Washington,950,Public,Eric,Davis,edavis@eburg.wednet.edu, ,Randy,Affholter,Bulldogs,Navy White ,Central WA Athletic ,1203 E CAPITOL AVE ,ELLENSBURG,98926,(509) 925-8315 ,http://ellensburg.ehs.schoolfusion.us/,http://athletics.ellensburg.ehs.schoolfusion.us/CHENEY HIGH SCHOOL,Washington,950,Public,Jim,Missel,jtmissel@cheneysd.org, ,Jason,Williams,Black Hawks,Black Red ,Border ,460 N 6TH ST ,CHENEY,99004,(509) 559-4103 ,http://www.cheneysd.org/chs/site/default.asp,CENTRAL KITSAP JR HIGH SCHOOL,Washington,950,Public,Bruce,Larson,brucel@cksd.wednet.edu,(360) 662-2300 2342 ,Mike,Fultz,Cubs,Maroon Gray White , ,PO BOX 8 ,SILVERDALE,98383,(360) 662-2300 2342,http://ckjh.cksd.wednet.edu,http://ckjh.cksd.wednet.edu/sports/menu/index.htmlSACAJAWEA MIDDLE SCHOOL,Washington,940,Public,Joe,Slauson,joes@spokaneschools.org,(509) 354-5435 ,,,Thunderbirds,Black Red White ,Greater Spokane Middle Level ,401 E 33RD AVE ,SPOKANE,99203,(509) 354-5435 ,http://www.spokaneschools.org/sacajawea/site/default.asp,http://www.spokaneschools.org/199320611101621430/site/default.aspW F WEST HIGH SCHOOL,Washington,925,Public,Scott,Chamberlain,schamberlain@chehalis.k12.wa.us,(360) 807-7240 ,Bob,Wollan,Bearcats,Crimson Gray ,Evergreen Conference ,342 SW 16TH ST ,CHEHALIS,98532,(360) 807-7240 ,http://www.chehalis.k12.wa.us/wfw,http://gowfwestbearcats.comBLACK HILLS HIGH SCHOOL,Washington,920,Public,Don,Farler,don.farler@tumwater.k12.wa.us,7811,Jack,Zilla,Wolves,Navy Red White ,Evergreen ,7741 LITTLEROCK RD SW ,OLYMPIA,98512,(360) 709-7800 7811,http://bhhsweb.tumwater.k12.wa.us,TUMWATER HIGH SCHOOL,Washington,915,Public,Tim,Graham,tim.graham@tumwater.k12.wa.us, ,Sid,Otton,Thunderbirds,Kelly White ,Evergreen Conf ,700 ISRAEL RD SW ,TUMWATER,98501,(360) 709-7601 ,,http://www.tumwater.k12.wa.usAYLEN JUNIOR HIGH SCHOOL,Washington,910,Public,Brad,Jones,jonebe@puyallup.k12.wa.us, ,Steve,Hadley,Falcons,Red Black Silver , ,101 15TH ST SW ,PUYALLUP,98371,(253) 841-8723 ,http://www.puyallup.k12.wa.us/junior/aylen/index.php,ABERDEEN HIGH SCHOOL,Washington,900,Public,Ken,Ashlock,kashlock@asd5.org, ,Terry,Dion,Bobcats,Blue Gold ,Evergreen League ,410 N G ST ,ABERDEEN,98520,(360) 538-2065 ,http://asd5.org,http://bobcat.asd5.org/WY-EAST MIDDLE SCHOOL,Washington,900,Public,Colin,Rush,colin.rush@evergreenps.org, ,William,Gardner,Warriors,Blue Gold , ,1112 SE 136TH AVE ,VANCOUVER,98683,(360) 604-6400 ,,KINGSTON HIGH SCHOOL,Washington,881,Public,Rachel,Davenport,rdavenport@nkschools.org, ,Todd,Harder,Buccaneers,Crimson Gold , ,26201 SIYAYA AVE NE ,KINGSTON,98346,(360) 394-1200 ,http://www.nkschools.org/kh,EASTMONT JUNIOR HIGH SCHOOL,Washington,860,Public,Stacia,Hardie,hardies@eastmont206.com,(509) 884-2407 ,Dave,Mott,Cats,Col Blue Red , ,905 8TH ST NE ,EAST WENATCHEE,98802,(509) 884-2407 ,http://www.eastmont206.com,http://www.eastmont206.comWEST VALLEY HIGH SCHOOL,Washington,860,Public,Wayne,McKnight,wayne.mcknight@wvsd.com, ,Craig,Whitney,Eagles,Orange Black ,Great Northern League ,8301 E BUCKEYE AVE ,SPOKANE,99212,(509) 922-5488 ,,CEDARCREST HIGH SCHOOL,Washington,850,Public,Jason,Frederick,frederickj@riverview.wednet.edu, ,Jason,Frederick,Red Wolves,Crimson Gray Black White,Cascade Conf 3A/2A ,29000 NE 150TH ST ,DUVALL,98019,(425) 844-4809 ,,http://www.chs.riverview.wednet.eduLYNDEN HIGH SCHOOL,Washington,850,Public,Mike,McKee,mckeem@lynden.wednet.edu,(360) 354-4401 5276 ,Curt,Kramme,Lions,Kelly Gold ,Northwest Conference ,1201 BRADLEY RD ,LYNDEN,98264,(360) 354-4401 5276,http://www.lynden.wednet.edu/Page/72,http://www.lynden.wednet.edu/185420818144815120/site/default.aspSTAHL JUNIOR HIGH SCHOOL,Washington,850,Public,Glenn,Halverson,halvergs@puyallup.k12.wa.us, ,Larry,Marcoe,Storm,Navy Silver White ,South Puget Sound League ,9610 168TH STREET CT E ,PUYALLUP,98375,(253) 840-8881 ,,http://ghalverson@puyallup.k12.wa.usFOSTER SENIOR HIGH SCHOOL,Washington,850,Public,JD,Hill,hillj@tukwila.wednet.edu,(206) 901-7922 ,Jim,Sutrick,Bulldogs,Purple White Black ,Seamount ,4242 S 144TH ST ,TUKWILA,98168,(206) 901-7922 ,http://tukwila.wednet.edu,http://fosterhighschoolsports.comRAINIER BEACH HIGH SCHOOL,Washington,850,Public,Tim,Bursey,tbursey@seattleschools.org,(206) 252-6383 ,Mark,Haley,Vikings,Royal Orange ,Metro ,8815 SEWARD PARK AVE S ,SEATTLE,98118,(206) 252-6383 ,,TYEE HIGH SCHOOL,Washington,850,Public,John,Yellam,john.yellam@highlineschools.org,(206) 631-6434 ,Scott,Leick,Totems,Red Gold Black ,Seamount League ,4424 S 188TH ST ,SEATAC,98188,(206) 439-4441 ,http://www.hsd401.org,PARK PLACE MIDDLE SCHOOL,Washington,850,Public,Joel,Garrison,garrisonj@monroe.wednet.edu, ,Billy,Russo,Pumas,Royal Gray ,North County League ,1408 W MAIN ST ,MONROE,98272,(360) 804-4300 ,http://www.monroe.wednet.edu/PAGES/ppms.html,SKYVIEW JUNIOR HIGH SCHOOL,Washington,840,Public,Jolene,Grimes,jgrimes@nsd.org, ,Marc,Wallace,Eagles,Blue Cardinal White , ,21404 35TH AVE SE ,BOTHELL,98021,(425) 408-6800 ,,http://sjweb.nsd.orgANACORTES HIGH SCHOOL,Washington,800,Public,Rick,Mergenthaler,rmergenthaler@asd103.org, ,Andy,Haynie,Seahawks,Purple White ,Northwest ,1600 20TH ST ,ANACORTES,98221,(360) 293-1237 724,,http://www.ahs.anacortes.k12.wa.usNORTH MASON HIGH SCHOOL,Washington,800,Public,Mark,Swofford,mswofford@northmasonschools.org,(360) 277-2165 ,Jeff,Bevers,Bulldogs,Blue White ,Olympic League ,200 E CAMPUS DR ,BELFAIR,98528,(360) 277-2165 ,http://nmsd.wednet.edu,LAKOTA MIDDLE SCHOOL,Washington,800,Public,Mike,Johnson,mijohnso@fwps.org,(253) 945-4800 ,Mike,Johnson,Falcons,Red Black , ,1415 SW 314TH ST ,FEDERAL WAY,98023,(253) 945-4821 ,,MARYSVILLE MIDDLE SCHOOL,Washington,800,Public,Kris,Jensen,kris_jensen@msvl.k12.wa.us, ,Pellerin,,Wildcats,Red Gold , ,4923 67TH ST NE ,MARYSVILLE,98270,(360) 653-0615 33,http://firstclass.msvl.k12.wa.us/~MMS/,STEVENS MIDDLE SCHOOL,Washington,800,Public,Dwayne,Hughes,dwhughes@psd1.org, ,Matt,Whitehead,Tigers,Black Gold , ,1120 N 22ND AVE ,PASCO,99301,(509) 543-6798 4359,http://www.psd1.org,POULSBO MIDDLE SCHOOL,Washington,800,Public,Amy,Allen,aallen@nkschools.org, ,Eric,Milyard,Panthers,Royal Black White , ,2003 NE HOSTMARK ST ,POULSBO,98370,(360) 598-1010 ,,ENTERPRISE MIDDLE SCHOOL,Washington,800,Public,Monty,Bowen,monty.bowen@rsd.edu, ,Dan,Price,Wilcats,Black Red , ,5200 PARADISE DR ,WEST RICHLAND,99353,(509) 967-6200 ,http://www.rsd.edu/schools/enterprise/main.htm,SELAH HIGH SCHOOL,Washington,800,Public,Mike,Lewis,mikelewis@selah.k12.wa.us,(509) 697-0806 ,Scott,Ditter,Vikings,Blue Gold ,Central Washington Athletic Conf ,801 N 1ST ST ,SELAH,98942,(509) 697-0806 ,http://www.selah.k12.wa.us,FIFE HIGH SCHOOL,Washington,800,Public,Joe,Keller,jkeller@fife.k12.wa.us, ,Kent,Nevin,Trojans,Blue Gold ,SPSL ,5616 20TH ST E ,FIFE,98424,(253) 517-1100 ,http://www.fifeschools.com/fhs/index.html,WASHINGTON HIGH SCHOOL,Washington,800,Public,Pam,Olson,polson@fpschools.org, ,Mike,Von,Patriots,Red Blue White ,Nisqually ,12420 AINSWORTH AVE S ,TACOMA,98444,(253) 298-4811 ,http://fp.k12.wa.us/Section.aspx?SectionID=31&ContentID=0,WASHINGTON MIDDLE SCHOOL,Washington,787,Public,Cathy,Shea,cshea@osd.wednet.net, ,,,Bulldogs, , ,3100 CAIN RD SE ,OLYMPIA,98501,(360) 596-3000 ,http://washington.osd.wednet.edu/,HOCKINSON HIGH SCHOOL,Washington,775,Public,Beth,Tugaw,beth.tugaw@hock.k12.wa.us,5515,Rick,Steele,Hawks,Navy Light Blue Silver ,GSHL ,16819 NE 159TH ST ,BRUSH PRAIRIE,98606,(360) 448-6452 ,,http://www.hhs.hock.k12.wa.us/index.htmCLARKSTON HIGH SCHOOL,Washington,760,Public,Shannon,Wilson,wilsons@csdk12.org, ,Dave,Curtis,Bantams,Scarlet Black ,GSL ,PO BOX 370 ,CLARKSTON,99403,(509) 758-5591 ,,http://www.csdk12.orgSALK MIDDLE SCHOOL,Washington,760,Public,Ian,Moore,ianm@spokaneschools.org, ,,,Spartans,Kelly White , ,6411 N ALBERTA ST ,SPOKANE,99208,(509) 354-5594 ,,PERRY G KEITHLEY MIDDLE SCHOOL,Washington,760,Public,Steven,Mondragon,smondragon@fpschools.org, ,**,OPEN,Kolts,Black Yellow , ,12324 12TH AVE S ,TACOMA,98444,(253) 298-4300 ,,GRANDVIEW HIGH SCHOOL,Washington,750,Public,Scott,Parrish,sparrish@grandview.wednet.edu, ,Rick,Ramos,Greyhounds,Crimson Gray ,CWAC ,1601 W 5TH ST ,GRANDVIEW,98930,(509) 882-8787 ,,GRANITE FALLS HIGH SCHOOL,Washington,750,Public,Doug,Plucker,dplucker@gfalls.wednet.edu,(360) 691-7717 ,Tracey,Bechtholdt,Tigers,Orange Black ,Cascade Conference ,1401 100TH ST NE ,GRANITE FALLS,98252,(360) 283-4401 ,http://www.gfalls.wednet.edu,http://www.gfalls.wednet.eduOTHELLO HIGH SCHOOL,Washington,750,Public,Don,Bullis,dbullis@othello.wednet.edu, ,Roger,Hoell,Huskies,Red Black White ,Central WA Athletic ,340 S 7TH AVE ,OTHELLO,99344,(509) 488-3351 2014,,http://www.othello.wednet.eduRIDGETOP JUNIOR HIGH SCHOOL,Washington,750,Public,Matt,Stanford,matthews@cksd.wednet.edu,(360) 662-2900 ,Rusty,Willson,Raiders,Red Black ,Olympic Junior ,PO BOX 8 ,SILVERDALE,98383,(360) 662-2900 ,http://rijh.cksd.wednet.edu/,http://rijh.cksd.wednet.edu/sports/sports_schedule.htmCHIEF KANIM MIDDLE SCHOOL,Washington,750,Public,Mickey,Fowler,fowlerm@svsd410.org, ,Mickey,Fowler,Hawks, , ,PO BOX 639 ,FALL CITY,98024,(425) 831-8225 ,,GREENACRES MIDDLE SCHOOL,Washington,750,Public,John,Moore,jmoore@cvsd.org,(509) 228-4876 ,Ron,Barsness,Bruins,Forest Blue White , ,17409 E SPRAGUE AVE ,SPOKANE VALLEY,99016,(509) 228-4876 ,http://www.cvsd.org,EAST VALLEY HIGH SCHOOL,Washington,750,Public,Dave,Cullen,cullend@evsd90.wednet.edu,(509) 573-7300 7441 ,Mark,Mochel,Red Devils,Red Black ,CWAC ,1900 BEAUDRY RD ,YAKIMA,98901,(509) 573-7441 ,http://evsd90.org,http://cwacathletics.comLAKEWOOD HIGH SCHOOL,Washington,750,Public,Matt,Blair,mblair@lwsd.wednet.edu, ,Dan,Teeter,Cougars,Maroon Gold ,Cascade Conference ,PO BOX 10 ,NORTH LAKEWOOD,98259,(360) 652-4505 2034,http://www.lwsd.wednet.edu,http://www.lwsd.wednet.eduPIONEER MIDDLE SCHOOL,Washington,750,Public,Paula,Gayson,pgayson@steilacoom.k12.wa.us, ,,,Pirates,Green Gold , ,1750 BOBS HOLLOW LN ,DUPONT,98327,(253) 583-7200 ,,CLEVELAND HIGH SCHOOL,Washington,743,Public,Rebbecah,Emanuel,rmemanuel@seattleschools.org, ,Fritzgerald,Martin,Eagles,Red White ,Seattle Metro League ,5511 15TH AVE S ,SEATTLE,98108,(206) 252-7846 ,http://www.cleveland.seattleschools.org/default.aspx,PROSSER HIGH SCHOOL,Washington,730,Public,Anna,Fazzari,anna.fazzari@prosserschools.org, ,Benji,Sonnichsen,Mustangs,Red White ,CWAC ,1203 PROSSER AVE ,PROSSER,99350,(509) 786-1224 ,,http://www.prosserschools.orgEINSTEIN MIDDLE SCHOOL,Washington,730,Public,Cindy,Watters,cindy.watters@shorelineschools.org, ,J,Thordarson,Tigers,Blue White ,Sno-King League ,19343 3RD AVE NW ,SHORELINE,98177,(206) 368-4735 ,http://schools.shorelineschools.org/einstein/,http://schools.shorelineschools.org/einstein/EPHRATA HIGH SCHOOL,Washington,729,Public,Michele,Webb,mwebb@ephrataschools.org, ,Jay,Mills,Tigers,Orange Black ,CWAC ,333 4TH AVE NW ,EPHRATA,98823,(509) 754-0660 ,http://www.ephrataschools.org,http://www.cwacathletics.comTOTEM MIDDLE SCHOOL,Washington,723,Public,Rebecca,Ostrom,rebecca_ostrom@msvl.k12.wa.us, ,J,Natterstad,Thunderbirds,Red Gold , ,1605 7TH ST ,MARYSVILLE,98270,(360) 653-0610 ,http://www.msvl.k12.wa.us/District/schools/totem.htm,VALLEY VIEW MIDDLE SCHOOL,Washington,720,Public,Scott,Summers,scott.summers@sno.wednet.edu, ,Brown,,Vikings,Black White Teal , ,601 GLEN AVE ,SNOHOMISH,98290,(360) 563-4225 ,,WAPATO HIGH SCHOOL,Washington,720,Public,Don,Erickson,doner@wapatosd.org,4013,Chris,Treat,Wolves,Blue Gold ,CWAC ,1103 S WASCO AVE ,WAPATO,98951,(509) 877-5017 ,http://www.wapatosd.org,STEILACOOM HIGH SCHOOL,Washington,710,Public,Michael,Miller,mmiller@steilacoom.k12.wa.us, ,Brian,Koch,Sentinels,Orange Red White ,Nisqually League ,54 SENTINEL DR ,STEILACOOM,98388,(253) 983-2339 ,http://www.steilacoom.k12.wa.us,SOUTH WHIDBEY HIGH SCHOOL,Washington,700,Public,Scott,Mauk,smauk@sw.wednet.edu, ,Mark,Hodson,Falcons,Blue Silver White ,North Cascades ,PO BOX 390 ,LANGLEY,98260,(360) 221-4300 ,http://www.sw.wednet.edu/swhs/site/default.asp,SHOWALTER MIDDLE SCHOOL,Washington,700,Public,JD,Hill,hillj@tukwila.wednet.edu, ,Wayne,Smith,Vikings,Purple Gold , ,4628 S 144TH ST ,TUKWILA,98168,(206) 901-7800 ,http://www.tukwila.wednet.edu,PULLMAN HIGH SCHOOL,Washington,685,Public,Mike,Davis,mdavis@psd267.wednet.edu, ,Craig,McCormick,Greyhounds,Blue Gray ,Great Northern ,510 NW LARRY ST ,PULLMAN,99163,(509) 332-1551 ,,DEER PARK HIGH SCHOOL,Washington,650,Public,Chris,Snyder,chris.snyder@dpsdmail.org, ,Keith,Stamps,Stag,Royal Gold ,Great Northern League ,PO BOX 550 ,DEER PARK,99006,(509) 464-5900 ,,http://www.dpsd.orgSTERLING INTERMEDIATE SCHOOL,Washington,650,Public,Kaycie,Tuttle,Tuttlek@eastmont206.org, ,,,Panthers,Purple Black , ,600 N JAMES AVE ,EAST WENATCHEE,98802,(509) 884-7115 ,http://sterling.eastmont206.org,MOUNT BAKER HIGH SCHOOL,Washington,640,Public,Derek,Forbes,dforbes@mtbaker.wednet.edu, ,Ron,Lepper,Mountaineers,Red Black ,Northwest Conference ,PO BOX 95 ,DEMING,98244,(360) 383-2022 ,http://www.mtbaker.wednet.edu,http://www.mtbaker.wednet.eduGLACIER PARK HIGH SCHOOL,Washington,640,Public,Bob,Blair,bob.blair@sno.wednet.edu, ,Rory,Rosenbach,Grizzlies,Blue White , ,7401 144TH PL SE ,SNOHOMISH,98296, ,,COLVILLE HIGH SCHOOL,Washington,635,Public,Kelly,Carr,kcarr@colsd.org, ,Randy,Cornwell,Indians,Cardinal Gray White ,Great Northern ,154 HIGHWAY 20 E ,COLVILLE,99114,(509) 684-7801 ,http://www.colsd.org,http://www.colsd.orgEVERGREEN MIDDLE SCHOOL,Washington,635,Public,Brett,Racicot,bracicot@cvsd.org, ,Mike,Gharst,Grizzlies,Black White , ,14221 E 16TH AVE ,SPOKANE VALLEY,99037,(509) 228-4786 ,http://www.cvsd.org/evergreen/,GARRY MIDDLE SCHOOL,Washington,630,Public,Ron,Liss,ronaldl@spokaneschools.org, ,,,Cheifs,Crimson Gray , ,725 E JOSEPH AVE ,SPOKANE,99208,(509) 354-5200 ,http://www.spokaneschools.org/garry/site/default.asp,SULTAN HIGH SCHOOL,Washington,630,Public,Scott,Sifferman,scott.sifferman@sultan.k12.wa.us, ,Ben,Murphy,Turks,Navy Col Blue White ,Cascade Conference ,13715 310TH AVE SE ,SULTAN,98294,(360) 793-9860 ,,http://www.sultan.k12.wa.us/shsKOPACHUCK MIDDLE SCHOOL,Washington,620,Public,Casey,Lindberg,lindbergc@psd401.net,(253) 530-4102 ,,,Coyotes,Blue White , ,10414 56TH ST NW ,GIG HARBOR,98335,(253) 530-4102 ,,BLAINE HIGH SCHOOL,Washington,613,Public,Steve,Miller,smiller@blainesd.org,(360) 332-6045 1394 ,Jay,Dodd,Borderites,Orange Black ,Northwest Conference ,1055 H ST ,BLAINE,98230,(360) 332-6045 1394,http://www.blainesd.org,http://nwcathletics.comRIDGEFIELD HIGH SCHOOL,Washington,613,Public,Debbie,Bentler,debbie.bentler@ridge.k12.wa.us, ,Dan,Andersen,Spudders,Orange Blue ,GSHL 2A ,2630 S HILLHURST RD ,RIDGEFIELD,98642,(360) 619-1325 ,http://www.ridge.k12.wa.us/rhs/site/default.asp,RIVERSIDE HIGH SCHOOL,Washington,600,Public,Brent,Monroe,brent.monroe@rsdmail.org, ,Allen,Martin,Rams,Crimson Silver ,Great Northern ,4120 E DEER PARK MILAN RD ,CHATTAROY,99003,(509) 464-8553 ,,http://www.riversidesd.orgNORTH WHIDBEY MIDDLE SCHOOL,Washington,600,Public,Laura,Schonberg,lschonberg@ohsd.net, ,,,Cougars,Black Red White , ,67 NE IZETT ST ,OAK HARBOR,98277,(360) 279-5511 ,http://nwms.ohsd.net,ORTING HIGH SCHOOL,Washington,600,Public,Marty,Parkhurst,parkhurstm@orting.wednet.edu, ,Marty,Parkhurst,Cardinals,Red White ,Nisqually ,320 WASHINGTON AVE N ,ORTING,98360,(360) 893-2246 ,,http://www.orting.webnet.eduMOUNTAIN VIEW MIDDLE SCHOOL,Washington,600,Public,Dave,Rumpza,dave_rumpza@sumnersd.org, ,Thomas,Ostrander,Wolves,Navy Ghost White Teal , ,10921 199TH AVENUE CT E ,BONNEY LAKE,98391,(253) 891-5200 24606,http://www.sumner.wednet.edu/ourschools/mountainview/,EATONVILLE HIGH SCHOOL,Washington,592,Public,Jack,Headlee,jack_headlee@eatonville.wednet.edu, ,George,Fairhart,Cruisers,Royal White ,2A SPSL ,PO BOX 699 ,EATONVILLE,98328,(360) 879-1213 ,http://eatonville.wednet.edu,http://eatonville.intand.comGRANITE FALLS MIDDLE SCHOOL,Washington,590,Public,David,Bianchini,dbianchi@gfalls.wednet.edu, ,Ryan,Blacker,Tigers,Black Orange , ,405 N ALDER AVE ,GRANITE FALLS,98252,(360) 691-7710 2402,,STEWART MIDDLE SCHOOL,Washington,590,Public,Ryan,Muir,rmuir@tacoma.k12.wa.us, ,Michael,Madden,Panthers,Green Black White , ,5010 PACIFIC AVE ,TACOMA,98408,(253) 571-4200 ,http://www.tacoma.k12.wa.us,MONTESANO HIGH SCHOOL,Washington,580,Public,Tim,Trimble,ttrimble@monteschools.org, ,Terry,Jensen,Bulldogs,Maroon Gray ,SW Washington 1A Evergreen 1A,303 N CHURCH ST ,MONTESANO,98563,(360) 249-1665 ,,http://www.monteschools.orgROCHESTER HIGH SCHOOL,Washington,580,Public,Jerry,Striegel,jstriegel@rochester.wednet.edu,(360) 273-5534 ,Tom,Griggs,Warriors,Blue Gold ,Southwest Washington 1A ,19800 CARPER RD SW ,ROCHESTER,98579,(360) 273-5534 ,,TOPPENISH HIGH SCHOOL,Washington,558,Public,Brett,A,bstauffer@toppenish.wednet.edu, ,Jason,Smith,Wildcats,Cardinal Gray ,CWAC ,141 WARD RD ,TOPPENISH,98948,(509) 865-8034 ,http://www.toppenish.wednet.edu,CONNELL HIGH SCHOOL,Washington,550,Public,Steve,Frucci,sfrucci@nfsd.org, ,Wayne,Riner,Eagles,Purple Gold ,South Central Athletic Conf East,PO BOX 829 ,CONNELL,99326,(509) 234-2911 ,http://nfsd.org,http://www.scacconference.org/g5-bin/client.cgi?G5genie=400&G5button=13&school_id=2HUNTINGTON MIDDLE SCHOOL,Washington,550,Public,Gary,Reid,gary.reid@kelso.wednet.edu, ,Adam,Muir,Huskies,Purple Gold White , ,500 REDPATH ST ,KELSO,98626,(360) 501-1702 ,http://www.kelso.wednet.edu/huntington/index.htm,PORT SUSAN MIDDLE SCHOOL,Washington,550,Public,Keri,Von,kvonmoos@stanwood.wednet.edu,(360) 629-1360 4108 ,**,OPEN,Knight,Red White ,North County League ,7506 267TH ST NW ,STANWOOD,98292,(360) 629-1360 4108,http://www.stanwood.wednet.edu/,LAKESIDE HIGH SCHOOL,Washington,550,Public,Jeff,Pietz,jpietz@9mile.org,(509) 340-4206 ,Brian,Dunn,Eagles,Blue Green ,Northeast A ,5909 HIGHWAY 291 ,NINE MILE FALLS,99026,(509) 340-4206 ,,http://www.9mile.orgELMA HIGH SCHOOL,Washington,545,Public,Rick,Rakevich,rrakevich@eagles.edu,(360) 482-3121 3106 ,Jim,Hill,Eagles,Blue White ,Evergreen A ,1235 MONTE ELMA RD ,ELMA,98541,(360) 482-1053 ,http://eagles.edu,WOODLAND HIGH SCHOOL,Washington,541,Public,Paul,Huddleston,huddlesp@woodlandschool.org, ,Mark,Greenleaf,Beavers,Green White Black ,GSL 2 A ,757 PARK ST ,WOODLAND,98674,(360) 841-2800 2889,http://www.woodlandschool.org,http://www.woodlandschools.org/?q=node/1557MONTICELLO MIDDLE SCHOOL,Washington,530,Public,Kevin,Palena,kpalena@longview.k12.wa.us, ,Brent,Courtney,Mustangs,Green Gold , ,1225 28TH AVE ,LONGVIEW,98632,(360) 575-7041 ,http://longview.k12.wa.us,EAST VALLEY MIDDLE SCHOOL,Washington,530,Public,Neal,Legrant,legrantn@evsd.org, ,Mark,Chalich,Knights,Green White , ,4920 N PROGRESS RD ,SPOKANE VALLEY,99216,(509) 924-9383 ,,VASHON ISLAND HIGH SCHOOL,Washington,525,Public,DrStephanie,Spencer,sspencer@vashonsd.org,518,Clay,Eastly,Pirate,Green Gold Black White,Nisqually ,20120 VASHON HWY SW ,VASHON,98070,(206) 463-9171 211,http://www.vashonsd.org/vhs,http://www.vashonsd.org/vhsWAHLUKE HIGH SCHOOL,Washington,520,Public,Jeff,Ahmann,jahmann@wsd73.wednet.edu,(509) 831-9524 ,Brycen,Bye,Warriors,Maroon Gray ,SCAC East ,PO BOX 907 ,MATTAWA,99349,(509) 831-9524 ,http://www.wsd73.wednet.edu,KIONA BENTON HIGH SCHOOL,Washington,500,Public,Chuck,Feth,cfeth@kibesd.org,(509) 588-2143 ,Charlie,Hobbick,Bears,Royal White ,SCAC ,1107 GRACE ,BENTON CITY,99320,(509) 588-2140 ,http://www.kibesd.org/kbhs/site/default.asp,GEO WASHINGTON BUSH MIDDLE SCH,Washington,500,Public,Shawn,Guthrie,shawn.guthrie@tumwater.k12.wa.us, ,Randy,Leeper,Falcons,Blue Silver , ,2120 83RD AVE SW ,TUMWATER,98512,(360) 709-7400 ,,WAHLUKE JUNIOR HIGH SCHOOL,Washington,500,Public,Steve,Bator,sbator@wsd73.wednet.edu, ,Corey,Zirker,Warriors,Maroon Gray , ,PO BOX 907 ,MATTAWA,99349,(509) 932-4455 ,http://www.wsd73.wednet.edu/wahluke_jr_high.htm,HOQUIAM HIGH SCHOOL,Washington,492,Public,Brian,Grun,bgrun@hoquiam.k12.wa.us, ,Jason,Ronqillo,Grizzlies,Crimson Gray ,Evergreen ,501 W EMERSON AVE ,HOQUIAM,98550,(360) 538-8213 ,http://hoquiam.schoolwires.net/hoquiamhs/site/default.asp,NACHES HIGH SCHOOL,Washington,480,Public,Bill,Walker,bwalker@nvsd.org, ,Ty,Kime,Rangers,Navy Gold ,SCAC ,PO BOX 159 ,NACHES,98937,(509) 653-1732 ,,http://www.naches.wednet.eduSULTAN MIDDLE SCHOOL,Washington,480,Public,Ian,Miller,ian.miller@sultan.k12.wa.us, ,Linn,,Skyhawks,Black Red White , ,PO BOX 309 ,SULTAN,98294,(360) 793-9850 ,http://www.sultan.k12.wa.us/sms/sms.cfm?id=47,LA CENTER HIGH SCHOOL,Washington,462,Public,Aaron,McCoy,amccoy@lcsd.k12.wa.us, ,John,Lambert,Wildcats,Blue Gray White ,SW Washington 1A ,PO BOX 1780 ,LA CENTER,98629,(360) 263-1700 ,,http://www.lacenterschool.orgMEDICAL LAKE HIGH SCHOOL,Washington,460,Public,Chris,Spring,cspring@mlsd.org, ,Wes,Hobbs,Cardinals,Cardinal White ,Great Northern ,PO BOX 128 ,MEDICAL LAKE,99022,(509) 565-3293 ,,http://www.mlsd.orgQUINCY HIGH SCHOOL,Washington,460,Public,Bill,'Alex',aalexand@qsd.wednet.edu,(509) 787-3501 3768 ,Stephen,Wallace,Jackrabbits,Green Gold ,CWAC ,16 6TH AVE SE ,QUINCY,98848,(509) 787-3501 ,,HIDDEN RIVER MIDDLE SCHOOL,Washington,452,Public,Joe,Delp,delpj@monroe.wednet.edu, ,**,OPEN,Hawks,Forest Silver , ,9224 PARADISE LAKE RD ,SNOHOMISH,98296,(360) 804-4100 ,http://www.monroe.wednet.edu/PAGES/hrms.html,GRANGER HIGH SCHOOL,Washington,451,Public,Dave,Pearson,pearsondm@gsd.wednet.edu,(509) 854-3067 ,Gary,Ely,Spartans,Red Black White ,So Cen Ath Con West ,315 MENTZER AVE ,GRANGER,98932,(509) 854-3067 ,,MERIDIAN HIGH SCHOOL,Washington,450,Public,Kurt,Harvill,kharvill@meridian.wednet.edu, ,Bob,Ames,Trojans,Black Vegas Gold White ,Northwest Conference ,194 W LAUREL RD ,BELLINGHAM,98226,(360) 318-2160 ,,HORIZON MIDDLE SCHOOL,Washington,450,Public,Shelley,Moffit,smoffit@cvsd.org,(509) 228-4968 ,Mike,Smith,Hawks,Blue Yellow AU Red , ,3915 S PINES RD ,SPOKANE VALLEY,99206,(509) 228-4968 ,http://WWW.CVSD.ORG/HORIZON,OMAK HIGH SCHOOL,Washington,447,Public,Joe,LaGrou,jlagrou@omaksd.wednet.edu, ,Nick,Sackman,Pioneers,Red Black ,Caribou Trail League ,PO BOX 833 ,OMAK,98841,(509) 826-5152 ,,http://www.omaksd.wednet.eduHAWKINS MIDDLE SCHOOL,Washington,440,Public,Thom,Worlund,tworlund@northmasonschools.org,(360) 277-2302 ,Jason,Urlacher,Huskies,Royal White , ,300 E CAMPUS DR ,BELFAIR,98528,(360) 277-2302 ,http://www.northmasonschools.org,QUINCY JUNIOR HIGH SCHOOL,Washington,440,Public,Teresa,Goninan,tgoninan@qsd.wednet.edu,(509) 787-4435 3616 ,C,Donovan,Hawks,Kelly White ,NCW Middle School League ,417 C ST SE ,QUINCY,98848,(509) 787-4435 3616,http://www.qsd.wednet.edu,CASHMERE HIGH SCHOOL,Washington,433,Public,Scott,Brown,sbrown@cashmere.wednet.edu, ,Phil,Zukowski,Bulldogs,Orange Black ,CTL ,329 TIGNER RD ,CASHMERE,98815,(509) 782-2914 ,,http://cashmere.wednet.edu/HS/index.htmCASTLE ROCK HIGH SCHOOL,Washington,433,Public,Neil,Williamson,nwilliamson@crschools.org,(360) 501-2930 ,Ben,Suhrbier,Rockets,Red White ,Trico ,5180 WESTSIDE HWY ,CASTLE ROCK,98611,(360) 501-2968 ,http://castlerock.wednet.edu,http://sww1a.comWILFRED REEVES MIDDLE SCHOOL,Washington,426,Public,Sherman,Smith,ssmith@osd.wednet.edu, ,Sherman,Smith,Raiders,Blue Yellow , ,2200 QUINCE ST NE ,OLYMPIA,98506,(360) 596-3400 ,http://reeves.osd.wednet.edu/,PORT TOWNSEND HIGH SCHOOL,Washington,425,Public,Patrick,Kane,pkane@ptsd50.org, ,Tom,Webster,Redskins,Red White ,Olympic League ,1500 VAN NESS ST ,PORT TOWNSEND,98368,(360) 379-4528 ,http://www.ptsd.wednet.edu/highschool/default.html,http://www.ptsd.wednet.edu/highschool/sports/default.htmlTENINO HIGH SCHOOL,Washington,422,Public,Jeff,Zenisek,zenisekj@tenino.k12.wa.us, ,Jeff,Zenisek,Beavers,Red Black ,Evergreen ,PO BOX 4024 ,TENINO,98589,(360) 264-3526 ,http://hs.teninoschools.org/,ROYAL HIGH SCHOOL,Washington,418,Public,Rick,Follett,rfollett@royal.wednet.edu, ,Wiley,Allred,Knights,Black Gold ,South Central Ath Conf ,PO BOX 486 ,ROYAL CITY,99357,(509) 346-2256 401,http://rhs.royal.wednet.edu/,ROCHESTER MIDDLE SCHOOL,Washington,415,Public,Todd,Tveten,ttveten@rochester.wednet.edu, ,Jim,Buckler,Braves,Red Blue White , ,9937 HIGHWAY 12 SW ,ROCHESTER,98579,(360) 273-5958 ,,NEWPORT HIGH SCHOOL,Washington,411,Public,Jamie,Pancho,panchojamie@newport.wednet.edu, ,Zac,Farnam,Grizzlies,Red Black ,NEA League ,PO BOX 70 ,NEWPORT,99156,(509) 447-2481 3508,,CHELAN HIGH SCHOOL,Washington,400,Public,Rob,Rainville,rainviller@chelanschools.org, ,Darren,Talley,Goats,Red Forest ,Caribou Trail ,PO BOX 369 ,CHELAN,98816,(509) 682-4061 ,http://www.chelanschools.org,http://www.chelanschools.orgCASCADE HIGH SCHOOL,Washington,400,Public,Elia,Ala'ilima-Daley,edaley@cascadesd.org, ,Elia,Ala'ilima-Daley,Kodiaks,Scarlet Silver ,Caribou Trail League ,10190 CHUMSTICK HWY ,LEAVENWORTH,98826,(509) 548-5277 ,http://www.cascade.wednet.edu/,http://www.cascade.wednet.edu/STEVENSON HIGH SCHOOL,Washington,400,Public,John,Kilpatrick,kilpatrickj@scsd.k12.wa.us,(509) 427-5631 ,Craig,McKee,Bulldogs,Maroon Col Blue ,Trico League 1A League,PO BOX 850 ,STEVENSON,98648,(509) 427-5631 ,,http://www.scsd.k12.wa.usZILLAH HIGH SCHOOL,Washington,400,Public,Rock,Winters,winters_ro@zsd.wednet.edu, ,Tim,Strothers,Leopards,Black Orange ,South Cen Ath Conference ,1602 2ND AVE ,ZILLAH,98953,(509) 829-5565 ,,MABTON HIGH SCHOOL,Washington,390,Public,Brock,Ledgerwood,ledgerwoodb@mabton.wednet.edu, ,David,VanNatter,Vikings,Purple Gold ,South Central Ath Conf ,PO BOX 38 ,MABTON,98935,(509) 894-4951 ,,GOLDENDALE HIGH SCHOOL,Washington,385,Public,Lee,Eikanas,leikanas@gsd404.org, ,Don,Strother,Timberwolves,Purple Gold ,SCAC West ,525 E SIMCOE DR ,GOLDENDALE,98620,(509) 773-5846 ,http://168.212.180.11/golden/schools/high/high.htm,http://www.golden.wednet.eduHIGHLAND HIGH SCHOOL,Washington,366,Public,Chad,Seely,cseely@highland.wednet.edu, ,Ryan,Scott,Scotties,Crimson Gray ,Central WA Athletic Conf ,PO BOX 38 ,COWICHE,98923,(509) 678-7268 2205,,http://www.highland.wednet.eduKIONA BENTON MIDDLE SCHOOL,Washington,360,Public,Chuck,Feth,cfeth@kibesd.org, ,Zac,Carpenter,Cubs,Black White , ,1107 GRACE ,BENTON CITY,99320,(509) 588-2052 266,,TONASKET HIGH SCHOOL,Washington,360,Public,Kevin,Terris,kterris@tonasket.wednet.edu, ,Jay,Hawkins,Tigers,Royal Gold ,Caribou Trail League ,35 HIGHWAY 20 # HS ,TONASKET,98855,(509) 486-2161 ,,NOOKSACK VALLEY HIGH SCHOOL,Washington,350,Public,Matt,Galley,matt.galley@nv.k12.wa.us, ,Robb,Myhre,Pioneers,Purple White ,Whatcom Country League ,3326 E BADGER RD ,EVERSON,98247,(360) 988-2641 ,http://www.nv.k12.wa.us/nvsd/site/default.asp,RAINIER HIGH SCHOOL,Washington,350,Public,John,Beckman,beckmanj@rainier.wednet.edu,(360) 446-2227 ,Jeff,Johnson,Mountaineers,Orange Black ,Evergreen ,PO BOX 98 ,RAINIER,98576,(360) 446-2227 ,http://www.rainier.wednet.edu,http://www.rainier.wednet.eduCOLUMBIA HIGH SCHOOL,Washington,350,Public,Howard,Kreps,kreps@gorge.net,(509) 439-1970 ,John,Hallead,Bruins,Red Black White ,Trico League ,PO BOX 1339 ,WHITE SALMON,98672,(509) 493-1970 ,,FORKS SENIOR HIGH SCHOOL,Washington,320,Public,Mark,Feasel,mark.feasel@qvschools.org,(360) 374-6262 214 ,Mark,Feasel,Spartans,Navy Gold ,Southwest Washington 1A ,261 S SPARTAN AVE ,FORKS,98331,(360) 374-6262 201,http://www.forks.wednet.edu/fhsmain/index.htm,http://www.forks.wednet.edu/fhsmain/fhs_athletics/index.htmCHIMACUM HIGH SCHOOL,Washington,305,Public,Gary,Coyan,gary_coyan@csd49.org,353,Shawn,Meacham,Cowboys,Blue White ,Nisqually ,PO BOX 278 ,CHIMACUM,98325,(360) 732-4090 353,,http://www.csd49.orgJENKINS HIGH SCHOOL,Washington,300,Public,Lonnie,Hoxie,lhoxie@chewelahk12.us,(509) 685-6800 2003 ,Jim,Fisk,Cougars,Navy White ,Northeast A League ,PO BOX 138 ,CHEWELAH,99109,(509) 685-6800 2003,http://chewelah.schoolwires.net,http://chewelah.schoolwires.netCLE ELUM-ROSLYN HIGH SCHOOL,Washington,300,Public,Abe,Silvestri,silvestria@cersd.org, ,Tony,Kretschman,Warriors,Maroon Gold ,SCAC ,2692 STATE ROUTE 903 ,CLE ELUM,98922,(509) 649-4905 ,http://https://sharepoint.cleelum.wednet.edu/default.aspx,FRIDAY HARBOR HIGH SCHOOL,Washington,300,Public,Rod,Turnbull,rturnbull@sjisd.wednet.edu, ,Darrin,Scheffer,Wolverines,Purple Gold ,Northwest A/B League ,PO BOX 458 ,FRIDAY HARBOR,98250,(360) 378-5215 ,,KETTLE FALLS HIGH SCHOOL,Washington,300,Public,Brian,Golphenee,bgolphenee@kettlefalls.wednet.edu,(509) 738-6388 413 ,Curtis,Corvino,Bulldogs,Blue Gold ,Northeast A ,PO BOX 458 ,KETTLE FALLS,99141,(509) 738-6388 413,http://www.kfsd.org,MOUNT BAKER JUNIOR HIGH SCHOOL,Washington,298,Public,Derek,Forbes,dforbes@mtbaker.wednet.edu,(360) 383-2015 ,Andy,Hart,Mountaineers,Red Black ,Whatcom Middle School League ,5100 MITCHELL RD ,DEMING,98244,(360) 383-2015 ,,COUPEVILLE HIGH SCHOOL,Washington,290,Public,Kim,Andrews,kandrews@coupeville.k12.wa.us, ,Tony,Maggio,Wolves,Red White Black ,Northwest A ,501 S MAIN ST ,COUPEVILLE,98239,(360) 678-4409 ,http://www.coupeville.k12.wa.us/,FREEMAN HIGH SCHOOL,Washington,280,Public,Brian,Parisotto,bparisotto@freemansd.org, ,Jim,Wood,Scotties,Red Blue White ,A ,14626 S JACKSON RD ,ROCKFORD,99030,(509) 291-3721 207,,http://www.freemansd.orgCOLUMBIA HIGH SCHOOL,Washington,273,Public,Jay,Aune,jay.aune@csd400.org, ,Rich,Harris,Coyotes,Purple Gold ,South Central Athletic ,787 MAPLE ST ,BURBANK,99323,(509) 545-8573 ,,http://www.cbvcp.com/columbiasd/ASOTIN HIGH SCHOOL,Washington,270,Public,John,Heley,jheley@aasd.wednet.edu, ,Sal,Lopez,Panthers,Orange Black ,Blue Mountain ,PO BOX 489 ,ASOTIN,99402,(509) 243-4151 ,,http://www.aasd.wednet.eduBREWSTER HIGH SCHOOL,Washington,270,Public,Greg,Austin,gaustin@brewster.wednet.edu,(509) 733-7104 ,Mike,Don,Bears,Red White ,Caribou Trail League ,PO BOX 97 ,BREWSTER,98812,(509) 689-3418 304,http://www.brewster.wednet.edu,http://ctlathletics.comNAPAVINE HIGH SCHOOL,Washington,250,Public,Jason,Prather,japrather@napa.k12.wa.us, ,Josh,Fay,Tigers,Black Orange ,"District IV, SWW A Lge ",PO BOX 357 ,NAPAVINE,98565,(360) 262-3301 362,,http://www.napa.k12.wa.usWARDEN HIGH SCHOOL,Washington,250,Public,Gary,Brandt,gbrandt@warden.wednet.edu, ,Eric,Skone,Cougars,Blue White ,Central Washington B ,101 W BECK WAY ,WARDEN,98857,(509) 349-1835 ,http://www.warden.wednet.edu,http://www.warden.wednet.eduILWACO HIGH SCHOOL,Washington,242,Public,Kevin,McNulty,kevin.mcnulty@oceanbeachschools.org, ,Kevin,McNulty,Fishermen,Navy Gold ,Southwest ,PO BOX F ,ILWACO,98624,(360) 642-3731 221,,http://www.ocean.k12.wa.usLAKE ROOSEVELT HIGH SCHOOL,Washington,240,Public,Rich,Black,rblack@gcdsd.org, ,Jim,Caddy,Raiders,Crimson Gold ,Caribou Trail ,500 CIVIC WAY ,COULEE DAM,99116,(509) 633-1442 ,,TOLEDO HIGH SCHOOL,Washington,240,Public,Terry,Holmes,tholmes@toledo.k12.wa.us,4012,Jeremy,Thebault,Indians,Black Red ,TRICO ,PO BOX 820 ,TOLEDO,98591,(360) 864-8009 ,http://www.toledo.k12.wa.us,http://www.toledo.k12.wa.usJENKINS MIDDLE SCHOOL,Washington,235,Public,Lance,Hahn,lhahn@chewelah.k12.wa.us, ,Geno,Ludwig,Raiders,Red Black , ,PO BOX 1099 ,CHEWELAH,99109,(509) 685-6800 3002,,http://chewelah.schoolwires.netKALAMA HIGH SCHOOL,Washington,230,Public,Andrew,Gragg,andrew.gragg@kalama.k12.wa.us, ,Eric,Boswell,Chinooks,Orange Black ,Trico ,548 CHINA GARDEN RD ,KALAMA,98625,(360) 673-5212 222,,http://www.kalama.k12.wa.usNORTH BEACH SENIOR HIGH SCHOOL,Washington,230,Public,Bret,Mackey,bmackey@northbeachschools.org, ,Todd,Bridge,Hyaks,Black Gold White ,Southwest A League ,PO BOX 969 ,OCEAN SHORES,98569,(360) 289-2931 ,,http://www.northbeach.k12.wa.usLIBERTY BELL HIGH SCHOOL,Washington,230,Public,Mike,Wilson,mwilson@methow.org, ,Rick,McCauley,Mountain Lions,Green White Golden Yellow ,NCWB League North Division,18 TWIN LAKES RD ,WINTHROP,98862,(509) 996-9225 ,http://www.methow.org,http://www.methow.orgCOLFAX HIGH SCHOOL,Washington,225,Public,Shawna,Kneale,shawnak@csd300.com,(509) 397-5803 ,Mike,Morgan,Bulldogs,Royal Gold ,Northeast 2B ,1110 N MORTON ST ,COLFAX,99111,(509) 397-5803 ,http://www.colfax.k12.wa.us,http://www.colfax.k12.wa.usMONTESANO JUNIOR HIGH SCHOOL,Washington,225,Public,Tim,Trimble,ttrimble@monteschools.org,(360) 249-1665 ,Rob,King,Bullpups,Blue White , ,303 N CHURCH ST ,MONTESANO,98563,(360) 249-1665 ,,OKANOGAN HIGH SCHOOL,Washington,225,Public,Steve,Chamberlin,schamberlin@oksd.wednet.edu,(509) 422-4429 ,Erick,Judd,Bulldogs,Crimson Gray ,Caribou Trail ,PO BOX 592 ,OKANOGAN,98840,(509) 422-4429 ,http://www.oksd.wednet.edu,http://48977.digitalsports.com/CURLEW HIGH SCHOOL,Washington,223,Public,Charlie,Groth,chagroth@curlew.wednet.edu, ,Dave,DeVoe,Cougars,Blue White ,Panorama ,PO BOX 370 ,CURLEW,99118,(509) 779-4931 ,,WHITE SWAN HIGH SCHOOL,Washington,220,Public,Robert,Everts,reverts@mtadams.wednet.edu, ,Andy,Bush,Cougars,Red White ,Mid Valley 2B ,PO BOX 578 ,WHITE SWAN,98952,(509) 874-8672 ,,http://www.mtadams.wednet.eduWINLOCK HIGH SCHOOL,Washington,220,Public,Gary,Viggers,gviggers@winlock.wednet.edu,2107,Tim,Edmonds,Cardinals,Cardinal White ,Evergreen A ,241 N MILITARY RD ,WINLOCK,98596,(360) 785-3537 ,http://www.winlock.wednet.edu,RIVER VIEW HIGH SCHOOL,Washington,215,Public,John,Doran,jdoran@finleysd.org, ,Brett,Jay,Panthers,Red Black ,SCAC ,36509 S LEMON DR ,KENNEWICK,99337,(509) 582-2158 ,,http://www.finleysd.orgLA CONNER HIGH SCHOOL,Washington,205,Public,Peg,Seeling,paseeling@lc.k12.wa.us, ,Johnny,Lee,Braves,Royal White ,Northwest 1A/2B League ,PO BOX 2103 ,LA CONNER,98257,(360) 466-3173 ,http://www.lcsd.wednet.edu,LYLE HIGH SCHOOL,Washington,205,Public,Tye,Churchwell,tchurchw@esd112.wednet.edu,(509) 365-2211 ,Don,Smith,Cougars,Royal White ,2B Mid-Valley League ,PO BOX 368 ,LYLE,98635,(509) 365-2211 133,http://www.lyleschools.org,http://www.lyleschools.orgREARDAN HIGH SCHOOL,Washington,205,Public,Eric,Nikkola,enikkola@reardan.net, ,Eric,Nikkola,Indians,Maroon Gray ,Bi County League ,PO BOX 225 ,REARDAN,99029,(509) 796-2701 ,,http://www.reardan.netOROVILLE HIGH SCHOOL,Washington,200,Public,Brett,Fancher,fancherb@chopaka.wednet.edu,(509) 476-3612 ,Tam,Hutchinson,Hornets,Navy Gold ,Central Washington 2B League ,816 JUNIPER ST ,OROVILLE,98844,(509) 476-3612 ,http://www.oroville.wednet.edu,http://oroville.wednet.edu/~hsoffice/MARY WALKER HIGH SCHOOL,Washington,200,Public,Kyle,Dodge,kdodge@mwsd.k12.wa.us, ,Mark,Edwards,Chargers,Red Black ,Panorama ,PO BOX 159 ,SPRINGDALE,99173,(509) 258-4533 ,,http://www.marywalker.comLAKE QUINAULT HIGH SCHOOL,Washington,191,Public,Keith,Samplawski,ksamplawski@quinault.k12.wa.us, ,Ron,Hoiness,Elks,Blue Gold ,Farwest-Pacific ,PO BOX 38 ,AMANDA PARK,98526,(360) 288-2414 49,,http://www.quinault.k12.wa.usKITTITAS HIGH SCHOOL,Washington,190,Public,Monty,Sabin,monty_sabin@ksd403.org,(509) 968-3115 ,Merle,Watkins,Coyotes,Maroon White ,Central WA B League ,PO BOX 599 ,KITTITAS,98934,(509) 968-3902 ,http://www.ksd403.org,ONALASKA HIGH SCHOOL,Washington,190,Public,Dennis,Bower,dbower@onysd.wednet.edu,506,Mazen,Saade,Loggers,Purple Gold ,SWW 1A ,540 CARLISLE AVE ,ONALASKA,98570,(360) 978-4113 ,http://www.onysd.wednet.edu,http://www.onysd.wednet.eduBRIDGEPORT HIGH SCHOOL,Washington,180,Public,Buck,Marsh,bmarsh@bridgeport.wednet.edu, ,Kyle,Krustangel,Mustangs,Orange Black ,NCW B League ,PO BOX 1060 ,BRIDGEPORT,98813,(509) 686-8770 ,http://bridgeport.wednet.edu,GRAND COULEE DAM MIDDLE SCHOOL,Washington,180,Public,Sheila,Darnold,sdarnold@gcdsd.org,(509) 633-1520 ,Geary,Oliver,Pirates,Maroon Gray , ,PO BOX J ,GRAND COULEE,99133,(509) 633-1520 ,http://www.gcdsd.org,http://www.gcdsd.org/MiddleSchoolHENKLE MIDDLE SCHOOL,Washington,180,Public,Janet,McCutcheon,janet.mccutcheon@whitesalmonschools.org,(509) 493-1970 ,Jeff,Lindstrom,Grizzlies,Red Black White ,LCMSAA ,PO BOX 1309 ,WHITE SALMON,98672,(509) 493-1970 ,,MOSSYROCK HIGH SCHOOL,Washington,180,Public,Cole,Kanyer,ckanyer@mossyrock.k12.wa.us, ,Curt,Spahn,Vikings,Red Black White ,Central '2B' League ,PO BOX 454 ,MOSSYROCK,98564,(360) 983-3183 ,http://mossyrock.k12.wa.us,http://sites.google.com/site/mossyrockathleticsCOLUMBIA BASIN HIGH SCHOOL,Washington,177,Public,Loren,Sandhop,lsandhop@mlsd.wednet.edu, ,,,Phoenix,Red White , ,6527 PATTON BLVD NE ,MOSES LAKE,98837,(509) 766-2667 ,http://www.moseslakeschools.org/ColumbiaBasin.cfm,CHIEF LESCHI HIGH SCHOOL,Washington,175,Public,Frank,Manthou,frankma@leschischools.org, ,Sauni,Savini,Warriors,Royal Gold ,Seatac League ,5625 52ND ST E ,PUYALLUP,98371,(253) 310-2065 ,http://www.leschischools.org,http://www.leschischools.org/schools/highschool/athletics/index.phpRAYMOND HIGH SCHOOL,Washington,170,Public,Jason,Koski,jkoski@raymond.k12.wa.us,(360) 942-2474 2142 ,Robert,Clements,Seagulls,Cardinal Black White ,Southwest Washington 2B Pacific League,1016 COMMERCIAL ST ,RAYMOND,98577,(360) 942-2474 2142,,http://raymondschools.orgOCOSTA HIGH SCHOOL,Washington,165,Public,Barbara,Rasmus,brasmus@ocosta.k12.wa.us,144,Mike,Allton,Wildcats,Black Crimson ,Pacific League 2B ,2580 S MONTESANO ST ,WESTPORT,98595,(360) 268-9125 144,,http://www.ocosta.k12.wa.usWAHKIAKUM HIGH SCHOOL,Washington,160,Public,Marc,Niemeyer,niemeyer@esd112.wednet.edu, ,Eric,Hansen,Mules,Red Black ,Central League ,PO BOX 398 ,CATHLAMET,98612,(360) 795-3271 ,http://www.wahksd.k12.wa.us/whsathletics.shtml,CONCRETE HIGH SCHOOL,Washington,155,Public,Rob,Dahl,rdahl@concrete.k12.wa.us,(360) 853-8145 ,Ron,Rood,Lions,Purple Gold ,Northwest A/2B ,7830 S SUPERIOR AVE ,CONCRETE,98237,(360) 853-8143 ,http://www.concrete.k12.wa.us,http://www.concrete.k12.wa.us/sportsDAVENPORT SENIOR HIGH SCHOOL,Washington,154,Public,Tim,Zeiler,timzeiler@davenport.wednet.edu, ,Justin,Young,Gorillas,Red White ,Bi County ,801 7TH ST ,DAVENPORT,99122,(509) 725-4021 ,,http://www.davenport.wednet.eduBRIDGEPORT MIDDLE SCHOOL,Washington,150,Public,Buck,Marsh,bmarsh@bridgeport.wednet.edu, ,Eric,Schmidt,Mustangs,Orange Black Gray White, ,PO BOX 1060 ,BRIDGEPORT,98813,(509) 686-8770 ,http://bridgeport.wednet.edu,WIND RIVER MIDDLE SCHOOL,Washington,150,Public,Chris,Pollard,pollardc@scsd.k12.wa.us,(509) 427-5631 ,Eric,Anderson,Lions,Royal White , ,PO BOX 850 ,STEVENSON,98648,(509) 427-5631 ,,TOUTLE LAKE HIGH SCHOOL,Washington,149,Public,Eric,Swanson,eric.swanson@toutlesd.k12.wa.us, ,Scott,Grabenhorst,Fighting Ducks,Blue White ,Central 2B League ,5050 SPIRIT LAKE HWY ,TOUTLE,98649,(360) 274-6132 ,,http://www.toutlesd.k12.wa.usORCAS ISLAND HIGH SCHOOL,Washington,148,Public,Vicki,Vandermay,vvandermay@orcas.k12.wa.us, ,Scott,Harris,Vikings,Blue Black White ,Northwest A/B ,715 SCHOOL RD ,EASTSOUND,98245,(360) 376-2287 ,,http://www.orcasislandschools.orgMANSON SECONDARY SCHOOL,Washington,148,Public,Ken,Nelson,knelson@manson.org,(509) 687-3140 ,Scott,Ward,Trojans,Royal Silver White ,NCW B ,PO BOX A ,MANSON,98831,(509) 687-3140 ,http://www.manson.org,http://www.manson.org/index.php?page_id=227LIBERTY HIGH SCHOOL,Washington,145,Public,Blaze,Burnham,bburnham@libertysd.us, ,Kyle,Kimble,Lancers,Red Black White ,Bi-County League ,6404 E SPANGLE WAVERLY RD ,SPANGLE,99031,(509) 245-3229 1221,http://www.liberty.wednet.edu,http://www.liberty.wednet.eduDAYTON HIGH SCHOOL,Washington,143,Public,Rick,Hamilton,rickh@daytonsd.org, ,Dean,Bickelhaupt,Bulldogs,Crimson Gold ,Blue Mountain ,614 S 3RD ST ,DAYTON,99328,(509) 382-4775 237,http://www.dayton.wednet.edu/HS/hsindex.htm,http://www.dayton.wednet.eduOAKVILLE HIGH SCHOOL,Washington,140,Public,Ron,Hawley,rhawley@oaksvilleschools.org, ,Jeremy,Dempsey,Acorns,Red White ,Southwest Washington ,PO BOX H ,OAKVILLE,98568,(360) 273-5947 ,http://www.oakvilleschools.org/senior.html,SELKIRK HIGH SCHOOL,Washington,137,Public,Andy,Anderson,aanderson@selkirk.k12.wa.us, ,Kelly,Cain,Rangers,Green White ,Panorama ,10372 HIGHWAY 31 ,IONE,99139,(509) 446-4225 ,,http://www.selkirk.k12.wa.usOCOSTA JUNIOR HIGH SCHOOL,Washington,136,Public,Barbara,Rasmus,brasmus@ocosta.k12.wa.us,144,Tim,Wahl,Wildcats,Crimson Black ,Pacific 2B ,2580 S MONTESANO ST ,WESTPORT,98595,(360) 268-9123 144,,REPUBLIC HIGH SCHOOL,Washington,135,Public,Burl,Coffee,bcoffee@republic.wednet.edu, ,Chris,Burch,Tigers,Orange Black ,Panorama 2B Bi-County,30306 E HIGHWAY 20 ,REPUBLIC,99166,(509) 775-3171 ,http://www.republic.wednet.edu/index.htm,WHITE PASS HIGH SCHOOL,Washington,130,Public,Bryan,DeLong,bdelong@whitepass.k12.wa.us,321,Aaron,Poquette,Panthers,Orange Black ,Central 2B ,516 SILVERBROOK RD ,RANDLE,98377,(360) 497-5816 321,,http://www.wpsd.wednet.eduRITZVILLE HIGH SCHOOL,Washington,130,Public,Greg,Whitmore,gwhitmore@ritzville.wednet.edu, ,Greg,Whitmore,Broncos,Red Black ,Bi-County ,209 E WELLSANDT RD ,RITZVILLE,99169,(509) 659-1720 ,http://http:/www.ritzville.wednet.edu,WAITSBURG HIGH SCHOOL,Washington,130,Public,Stephanie,Wooderchak,swooderchak@waitsburgsd.org, ,Jeff,Bartlow,Cardinals,Red Blue Black ,Blue Mountain ,PO BOX 217 ,WAITSBURG,99361,(509) 337-6351 ,,ADNA HIGH SCHOOL,Washington,121,Public,Brent,Moon,moonb@adnaschools.org,(360) 748-8552 412 ,KC,Johnson,Pirates,Blue Gold ,Central 2B ,PO BOX 148 ,ADNA,98522,(360) 748-8552 ,http://www.adnaschools.org,http://www.adnaschools.orgMORTON HIGH SCHOOL,Washington,121,Public,Steve,Hanson,shanson@morton.k12.wa.us, ,Aaron,Poquette,Huskies,Green White ,Central ,PO BOX 1169 ,MORTON,98356,(360) 496-5137 ,,http://www.morton.wednet.eduGARFIELD-PALOUSE HIGH SCHOOL,Washington,120,Public,Tim,Coles,timcoles@garpal.wednet.edu, ,Scott,Thompson,Vikings,Red Black Gold ,Whitman County B ,600 E ALDER ST ,PALOUSE,99161,(509) 878-1921 ,http://www.garpal.net,SOAP LAKE HIGH SCHOOL,Washington,120,Public,Dan,McDonald,dmcdonald@slschools.org,(509) 246-1822 ,Joe,Worsham,Eagles,Blue White ,Central WA B ,PO BOX 878 ,SOAP LAKE,98851,(509) 246-1201 ,http://slsschools.org,http://slsschools.orgSOUTH BEND HIGH SCHOOL,Washington,120,Public,Tom,Sanchez,tsanchez@southbendschools.org,(360) 875-5707 ,Tom,Sanchez,Indians,Maroon Gold ,Pacific ,PO BOX 437 ,SOUTH BEND,98586,(360) 875-5707 ,http://www.southbend.wednet.edu,http://www.southbend.wednet.eduWATERVILLE HIGH SCHOOL,Washington,120,Public,Mike,Gray,mgray@waterville.wednet.edu, ,Mike,Gray,Shockers,Crimson Gray ,New B League ,PO BOX 490 ,WATERVILLE,98858,(509) 745-9033 ,,http://www.waterville.wednet.eduDARRINGTON HIGH SCHOOL,Washington,116,Public,Cory,Ross,wross@dsd.k12.wa.us,305,Doug,Lenker,Loggers,Forest Gold White ,Northwest 1A/1B/2B League ,PO BOX 27 ,DARRINGTON,98241,(360) 436-1323 305,,http://www.dsd.k12.wa.usQUILCENE HIGH SCHOOL,Washington,115,Public,Mark,Thompson,mathompson@qlsd.wednet.edu,248,Nic,Dahl,Rangers,Purple Gold ,Sea-Tac ,PO BOX 40 ,QUILCENE,98376,(360) 765-3363 248,,http://www.quilcene.wednet.eduTEKOA HIGH SCHOOL,Washington,113,Public,Dan,Hutton,dhutton@tekoa.wednet.edu, ,Ken,Lindgren,Nighthawks,Royal Silver ,Whitman County ,PO BOX 869 ,TEKOA,99033,(509) 284-3401 ,,POMEROY HIGH SCHOOL,Washington,110,Public,Tim,Burt,tburt@psd.wednet.edu, ,Sanford,Bates,Pirates,Orange Black ,District 9 1B ,PO BOX 950 ,POMEROY,99347,(509) 843-1331 ,http://www.psd.wednet.edu/jrsrhigh/jrsrhigh.html,MUCKLESHOOT TRIBAL SCHOOL,Washington,110,Public,Tim,Tubbs,tim.tubbs@muckleshoottribalschool.org, ,Mike,Eckhart,Kings,Forest White , ,15599 SE 376TH ST ,AUBURN,98092,(253) 931-6709 3783,,PATEROS HIGH SCHOOL,Washington,105,Public,Mike,Hull,mhull@pateros.org, ,Bill,Haley,Billy Goats,Purple Gold ,CW B2 League ,PO BOX 98 ,PATEROS,98846,(509) 923-2343 ,http://www.pateros.org,http://www.pateros.orgPE ELL HIGH SCHOOL,Washington,105,Public,Keith,Shepherd,kshepherd@peell.k12.wa.us, ,Chris,Fitzgerald,Trojans,Navy White ,Central B ,PO BOX 368 ,PE ELL,98572,(360) 291-3244 ,,http://www.peell.k12.wa.usCUSICK HIGH SCHOOL,Washington,103,Public,Nick,Pease,npease@cusick.wednet.edu, ,Sonny,Finley,Panthers,Black Gold White ,Northeast 1B ,305 MONUMENTAL RD ,CUSICK,99119,(509) 445-1125 321,http://www.cusick.wednet.edu/Page/1,http://www.cusick.wednet.eduALMIRA-COULEE-HARTLINE HIGH SCH,Washington,101,Public,Jim,Evans,jevans@achsd.org, ,Brandon,Walsh,Warriors,Black Silver Crimson , ,413 N 4TH ST ,COULEE CITY,99115,(509) 632-5231 ,,http://www.achsd.orgWISHKAH VALLEY HIGH SCHOOL,Washington,100,Public,Mark,Maxfield,mmaxfield@wishkah.org, ,Brad,Taylor,Loggers,Orange Black ,Coastal B League ,4640 WISHKAH RD ,ABERDEEN,98520,(360) 532-3128 1050,http://www.wishkah.org,http://www.wishkah.orgOROVILLE JUNIOR HIGH SCHOOL,Washington,100,Public,Brett,Fancher,fancherb@chopaka.wednet.edu,(509) 476-3612 ,Brad,Scott,Yellowjackets,Black Gold ,Okanogan Highlands League ,816 JUNIPER ST ,OROVILLE,98844,(509) 476-3612 ,http://www.oroville.wednet.edu,http://oroville.wednet.edu/~hsoffice/COMPASS HIGH SCHOOL,Washington,100,Public,Scott,Parrish,sparrish@gsd200.org, ,Rick,Ramos,Eagles,Crimson Gray ,Central Washington Athletic Conf ,913 W 2ND ST ,GRANDVIEW,98930,(509) 882-8540 ,,TOUCHET HIGH SCHOOL,Washington,98,Public,Jorge,Ortiz,jortiz@touchet.k12.wa.us,116,Gary,Dorman,Indians,Red White ,Blue Mountain ,PO BOX 135 ,TOUCHET,99360,(509) 394-2352 116,,WILBUR HIGH SCHOOL,Washington,98,Public,Steve,Jantz,stevej@wilbur.wednet.edu, ,Bill,Grigsby,Wildcats,Royal Silver ,Bi-County ,PO BOX 1090 ,WILBUR,99185,(509) 647-2434 ,,http://www.wilbur.wednet.eduODESSA HIGH SCHOOL,Washington,92,Public,Mike,Perry,mperry@harrsd.k12.wa.us, ,Bruce,Todd,Tigers,Orange Black ,Bi County B ,PO BOX 248 ,ODESSA,99159,(509) 982-2111 ,http://www.odessa.wednet.edu,SOUTH BEND JUNIOR HIGH SCHOOL,Washington,90,Public,Tom,Sanchez,tsanchez@southbend.wednet.edu, ,Tom,Wetterauer,Indians,Maroon Gold ,Pacific ,PO BOX 437 ,SOUTH BEND,98586,(360) 875-5707 ,http://www.southbend.wednet.edu,VALLEY MIDDLE SCHOOL,Washington,90,Public,Todd,Smith,todd.smith@valleysd.org,(509) 937-2413 ,**,OPEN,Eagles,Blue White ,Panorama League Panorama South League,3034 HUFFMAN RD ,VALLEY,99181,(509) 937-2413 ,http://valleysd.org,http://valleysd.orgWELLPINIT HIGH SCHOOL,Washington,90,Public,Clark,Pauls,cpauls@wellpinit.org, ,Clark,Pauls,Redskins,Blue Gold ,Panorama 'B' ,PO BOX 390 ,WELLPINIT,99040,(509) 258-4535 ,,NEAH BAY SENIOR HIGH SCHOOL,Washington,88,Public,Mark,Herndon,mherndon@cfsd.wednet.edu,(360) 645-2221 ,Tony,McCaulley,Red Devils/Lady Reds,Red Black White ,North Olympic League Northwest Football League,PO BOX 86 ,NEAH BAY,98357,(360) 645-2221 ,http://www.capeflattery.wednet.edu,EASTON SCHOOL DISTRICT 28,Washington,87,Public,Brian,Todd,toddb@easton.wednet.edu, ,Phillip,Derrick,Jaguars,Purple Gold ,Central B ,PO BOX 8 ,EASTON,98925,(509) 656-2317 ,,INCHELIUM HIGH SCHOOL,Washington,87,Public,Brenda,VanSlyke,bvanslyke@inchelium.wednet.edu, ,Brian,Myers,Hornets,Green White ,Panorama ,PO BOX 285 ,INCHELIUM,99138,(509) 722-6181 ,http://www.inchelium.wednet.edu,NASELLE-GRAYS RIVER VALLEY,Washington,85,Public,Russ,Hickman,rhickman@naselleschools.org,(360) 484-7121 ,Jeff,Eaton,Comets,Blue Gold ,Pacific 2B ,793 STATE ROUTE 4 ,NASELLE,98638,(360) 484-7121 ,,HERITAGE HIGH SCHOOL,Washington,85,Public,Greg,Erickson,greg_erickson@msvl.k12.wa.us, ,Jim,Kavaney,Hawks,Red White Black , ,7204 27TH AVE NE ,TULALIP,98271,(360) 653-0690 ,,ENTIAT HIGH SCHOOL,Washington,84,Public,Miles,Caples,mcaples@entiatschools.org, ,John,Draper,Tigers,Orange Black ,NCW B League ,2650 ENTIAT WAY ,ENTIAT,98822,(509) 784-1911 ,,http://www.entiatschools.orgOAKESDALE HIGH SCHOOL,Washington,83,Public,Ken,Lindgren,krlindgren@gonighthawks.net,(509) 285-5281 110 ,Kaleb,Madison,Nighthawks,Blue Silver Black ,District 9-1B ,PO BOX 228 ,OAKESDALE,99158,(509) 285-5281 110,http://www.oakesdale.wednet.edu,http://www.oakesdale.wednet.eduREPUBLIC MIDDLE SCHOOL,Washington,80,Public,Todd,Phillips,tphillips@republic.wednet.edu, ,Burl,Coffee,Tigers,Orange Black , ,30306 E HIGHWAY 20 ,REPUBLIC,99166,(509) 775-3171 ,http://www.republic.wednet.edu/index.htm,SAINT JOHN ENDICOTT HIGH SCHOOL,Washington,79,Public,Bob,Clements,bclements@stjohn.wednet.edu, ,Bob,Clements,Eagles,Scarlet Gold ,Whitman County ,301 W NOB HILL RD ,SAINT JOHN,99171,(509) 648-3336 124,http://www.stjohn.wednet.edu,LUMMI NATION SCHOOL,Washington,79,Public,Jim,Sandusky,james.sandusky@lns-k12.org, ,Jim,Sandusky,Blackhawks,Maroon Black ,NW B League ,2334 LUMMI VIEW DR ,BELLINGHAM,98226,(360) 410-1736 ,,http://www.lumminationschool.orgWILLAPA VALLEY HIGH SCHOOL,Washington,76,Public,John,Peterson,johnp@willapa.wednet.edu, ,John,Peterson,Vikings,Crimson Blue ,Pacific ,PO BOX 128 ,MENLO,98561,(360) 942-2006 3273,,ENTIAT JUNIOR HIGH SCHOOL,Washington,75,Public,Miles,Caples,mcaples@entiatschools.org, ,Kevin,Jones,Tigers,Orange Black ,NCW B ,2650 ENTIAT WAY ,ENTIAT,98822,(509) 784-1911 ,http://www.entiatschools.org,http://www.ncwbathletics.comTROUT LAKE HIGH SCHOOL,Washington,75,Public,Mike,Wood,mwoodtroutlake@gmail.com, ,,,Mustangs,Royal Black White ,B ,PO BOX 488 ,TROUT LAKE,98650,(509) 395-2571 ,,NEAH BAY JUNIOR HIGH SCHOOL,Washington,73,Public,Mark,Herndon,mherndon@cfsd.wednet.edu,(360) 645-2221 ,,,Red Devils,Red Black White , ,PO BOX 86 ,NEAH BAY,98357,(360) 645-2221 ,http://www.capeflattery.wednet.edu,COLUMBIA HIGH SCHOOL,Washington,72,Public,Curt,Nelson,cnelson@columbia206.k12.wa.us, ,Chuck,Wyborney,Lions,Blue Gold ,Panorama ,PO BOX 7 ,HUNTERS,99137,(509) 722-3311 ,,CRESCENT HIGH SCHOOL,Washington,70,Public,Dave,Bingham,daveb@crescent.wednet.edu,(360) 928-3311 ,Darrell,Yount,Loggers,Blue Gold White ,No Olympic ,PO BOX 20 ,JOYCE,98343,(360) 928-3311 ,,http://www.crescent.wednet.eduNORTHPORT HIGH SCHOOL,Washington,70,Public,Eric,Stark,estark@northportschools.org, ,,,Mustangs,Red Black ,Panorama 'B' ,PO BOX 1280 ,NORTHPORT,99157,(509) 732-4870 ,,http://www.northportschools.orgCOLTON HIGH SCHOOL,Washington,67,Public,Jim,Moehrle,jmoehrle@colton.k12.wa.us, ,Clark,Vining,Wildcats,Royal White ,Whitman County League ,706 UNION ST ,COLTON,99113,(509) 229-3386 ,,TAHOLAH HIGH SCHOOL,Washington,65,Public,Shaun,Straka,sstraka@taholah.org, ,Donald,Waugh,Chitwhin,Red Black Silver ,Pacific League ,PO BOX 249 ,TAHOLAH,98587,(360) 276-4729 ,http://www.taholah.k12.wa.us,ROSALIA SCHOOL DISTRICT,Washington,63,Public,Andraya,McGregor,amcgregor@rosalia.wednet.edu, ,,,Spartans,Orange Black ,Whitman County ,916 S JOSEPHINE AVE ,ROSALIA,99170,(509) 523-3061 ,,MARY M KNIGHT HIGH SCHOOL,Washington,60,Public,John,Schultz,jschultz@mmk.wednet.edu, ,Mike,Evans,Knight Owls,Green Black White ,Pacific B ,2987 W MATLOCK BRADY RD ,ELMA,98541,(360) 426-6767 ,,PRESCOTT HIGH SCHOOL,Washington,60,Public,Susan,DeRuwe,sderuwe@prescott.k12.wa.us,(509) 849-2217 106 ,Jeff,Bartlow,Tigers,Royal Gold ,District 9 - South ,PO BOX 65 ,PRESCOTT,99348,(509) 849-2215 106,http://www.prescott.k12.wa.us,http://www.prescott.k12.wa.usKAHLOTUS HIGH SCHOOL,Washington,57,Public,Ron,Hopkins,rhopkins@kahlotussd.org, ,,,Koyotes,Blue Gold ,Blue Mountain ,PO BOX 69 ,KAHLOTUS,99335,(509) 282-3338 ,,LOPEZ SENIOR HIGH SCHOOL,Washington,54,Public,Joe,Dye,jdye@lopez.k12.wa.us, ,Larry,Berg,Lobos,Maroon Gold ,Northwest B ,86 SCHOOL RD ,LOPEZ ISLAND,98261,(360) 468-2219 2211,http://www.lopezislandschool.org/,http://www.lopezislandschool.org/LOPEZ MIDDLE SCHOOL,Washington,54,Public,Mitch,Altona,maltona@lopez.k12.wa.us, ,,,Lobos,Maroon Gold Black , ,86 SCHOOL RD ,LOPEZ ISLAND,98261,(360) 468-2219 2222,,CLALLAM BAY HIGH SCHOOL,Washington,48,Public,Kris,Hanson,krishans@cfsd.wednet.edu, ,Calvin,Ritter,Bruins,Black Gold ,North Olympic ,PO BOX 337 ,CLALLAM BAY,98326,(360) 963-2095 ,,http://www.capeflattery.wednet.eduKLICKITAT HIGH SCHOOL,Washington,48,Public,Yvette,Schultz,yschultz@esd112.wednet.edu,(509) 369-4145 ,,,Vandals,Maroon Gold ,Greater Columbia ,PO BOX 37 ,KLICKITAT,98628,(509) 369-4145 ,,THORP HIGH SCHOOL,Washington,47,Public,Sammy,Henderson,hendersons@thorp.wednet.edu, ,,,Tigers,Red Black White ,North Central WA B ,PO BOX 150 ,THORP,98946,(509) 964-2107 135,,LYLE MIDDLE SCHOOL,Washington,45,Public,Tye,Churchwell,tchurchw@esd112.wednet.edu,(509) 748-2551 224 ,Mike,Steineors,Cubs,Blue White , ,PO BOX 368 ,LYLE,98635,(509) 365-2211 133,,PATEROS JUNIOR HIGH SCHOOL,Washington,45,Public,Mike,Hull,mhull@pateros.org, ,Bill,Haley,Billy Goats,Purple Gold , ,PO BOX 98 ,PATEROS,98846,(509) 923-2343 ,,SPRAGUE HIGH SCHOOL,Washington,45,Public,Bill,Ressel,bressel@sprague.wednet.edu, ,Greg,Whitmore,Falcons,Red Gray ,Bi County ,PO BOX 305 ,SPRAGUE,99032,(509) 257-2511 ,,http://www.sprague.wednet.eduWASHINGTON SCHOOL FOR THE DEAF,Washington,45,Public,Ron,Spratlen,ron.spratlen@wsd.wa.gov,(360) 696-6525 4354 ,Rod,McArthur,Terriers,Kelly White ,Pacific-8 ,611 GRAND BLVD ,VANCOUVER,98661,(360) 418-4354 ,,TEKOA-OAKESDALE JR HIGH SCHOOL,Washington,42,Public,Ken,Lindgren,krlindgren@gonighthawks.net,(509) 285-5296 110 ,Darren,Heer,Nighthawks,Blue Silver Black ,Whitman County ,PO BOX 228 ,OAKESDALE,99158,(509) 285-5281 110,,CRESTON HIGH SCHOOL,Washington,41,Public,Glenn,Arland,garland@creston.wednet.edu, ,Bill,Grigsby,Wildcats,Royal Silver ,Bi County ,PO BOX 17 ,CRESTON,99117,(509) 636-2721 ,,http://www.wilbur.wednet.eduGLENWOOD HIGH SCHOOL,Washington,41,Public,Aaron,Oldenburg,aoldenbu@esd112.wednet.edu, ,,,Eagles,Black Red ,Greater Columbia Gorge ,PO BOX 12 ,GLENWOOD,98619,(509) 364-3438 204,http://www.glenwood.k12.wa.us,HARRINGTON HIGH SCHOOL,Washington,41,Public,Mike,Perry,mperry@harrsd.k12.wa.us, ,Darin,Reppe,Falcons,Red Gray White ,Bi-County ,PO BOX 204 ,HARRINGTON,99134,(509) 253-4331 ,http://www.harrsd.k12.wa.us,http://www.harrsd.k12.wa.usBICKLETON HIGH SCHOOL,Washington,35,Public,Ric,Palmer,rpalmer@bickleton.wednet.edu,(509) 896-5473 ,,,Pirates,Cardinal White ,Greater Columbia B League ,PO BOX 10 ,BICKLETON,99322,(509) 896-5473 ,http://bickletonschools.org,LACROSSE SCHOOL,Washington,35,Public,Sandy,Martin,smartin@lax.wednet.edu, ,Jeff,Nelson,Tigercats,Royal Gray ,Whitman County ,111 HILL AVE ,LACROSSE,99143,(509) 549-3591 ,,http://www.lax.wednet.eduWILSON CREEK HIGH SCHOOL,Washington,33,Public,Mike,Ottis,mottis@wilsoncreek.org, ,,,Devils,Royal Gold ,CWB League ,PO BOX 46 ,WILSON CREEK,98860,(509) 345-2541 ,,http://www.wilsoncreek.orgMANSFIELD HIGH SCHOOL,Washington,28,Public,Ric,Bayless,rbayless@mansfield.wednet.edu, ,Ric,Bayless,Kernels,Red Gold White ,CW B-1 ,PO BOX 188 ,MANSFIELD,98830,(509) 683-1012 ,http://www.mansfield.wednet.edu/,http://www.mansfield.wednet.edu/NORTH RIVER SCHOOL DISTRICT 200,Washington,26,Public,Sean,Pierson,spierson@nr.k12.wa.us,(360) 532-3079 ,,,Mustangs,Blue Silver ,Costal ,2867 N RIVER RD ,COSMOPOLIS,98537,(360) 532-3079 ,,http://www.nr.k12.wa.usWASHTUCNA HIGH SCHOOL,Washington,20,Public,Jeff,Nelson,jnelson@tucna.wednet.edu,111,Jeff,Nelson,Tigercats,Royal Gray ,Southeast Washington ,PO BOX 688 ,WASHTUCNA,99371,(509) 646-3401 ,,http://www.tunca.wednet.eduWISHRAM HIGH SCHOOL,Washington,20,Public,Tye,Churchwell,tchurchw@esd112.wednet.edu,(509) 365-2211 ,Don,Smith,Indians,Purple White ,KCAA ,PO BOX 8 ,WISHRAM,98673,(509) 748-2551 224,,GLENWOOD MIDDLE SCHOOL,Washington,14,Public,Aaron,Oldenburg,aoldenbu@esd112.wednet.edu,(509) 364-3438 ,,,Eagles,Red Black , ,PO BOX 12 ,GLENWOOD,98619,(509) 364-3438 ,,SKYKOMISH HIGH SCHOOL,Washington,12,Public,Chris,Ferrier,cferrier@skykomish.wednet.edu, ,,,Rockets,Maroon White ,Northwest B ,PO BOX 325 ,SKYKOMISH,98288,(360) 677-2623 100,,WISHRAM MIDDLE SCHOOL,Washington,10,Public,Ty,Churchwell,tchurchw@esd112.wednet.edu,(509) 365-2211 ,Antoine,Montoya,Indians,Purple White , ,PO BOX 8 ,WISHRAM,98673,(509) 748-2551 ,,WISHKAH VALLEY JUNIOR HIGH SCHOOL,Washington,,Public,Rick,McDougal,, ,Stan,Heberg,Loggers,Orange Black , ,4640 WISHKAH RD ,ABERDEEN,98520,(360) 532-3128 23,http://www.wishkah.org,ADNA MIDDLE SCHOOL,Washington,,Public,Brent,Moon,moonb@adnaschools.org, ,Kevin,Young,Pirates,Blue Gold , ,PO BOX 148 ,ADNA,98522,(360) 748-8552 ,,KALAMA JUNIOR HIGH SCHOOL,Washington,,Public,Len,Hiatt,lennie.hiatt@kalama.k12.wa.us,(360) 673-5212 222 ,Jim,Denton,Chinook Indian,Black Burnt Umber ,LCMSAA ,548 CHINA GARDEN RD ,KALAMA,98625,(360) 673-5212 ,http://www.kalama.k12.wa.us,http://www.digitalsports.com/school/id/1498550.aspxWILLAPA VALLEY JR HIGH SCHOOL,Washington,,Public,John,Peterson,johnp@willapa.wednet.edu,(360) 942-3273 ,Jon,Pearson,Raiders,Flag Red White , ,PO BOX 128 ,MENLO,98561,(360) 942-2006 3273,,NOOKSACK VALLEY MIDDLE SCHOOL,Washington,,Public,Tom,Harmon,tom.harmon@nv.k12.wa.us, ,Rob,Myhre,Pioneers,Purple White , ,PO BOX 4307 ,NOOKSACK,98276,(360) 966-7561 ,http://www.nv.k12.wa.us/nvsd/site/default.asp,WHITE PASS JUNIOR HIGH SCHOOL,Washington,,Public,Bryan,DeLong,bdelong@whitepass.k12.wa.us,321,Chad,Cramer,Panthers,Black Dark Orange , ,516 SILVERBROOK RD ,RANDLE,98377,(360) 497-5816 321,http://www.wpsd.wednet.edu,WOODLAND MIDDLE SCHOOL,Washington,,Public,Dale,Creasy,dcreasy@woodlandschool.org,(360) 841-2850 889 ,,,Trojan,Green White , ,755 PARK ST ,WOODLAND,98674,(360) 841-2850 ,http://www.woodlandschools.org/?q=node/8591,GLACIER MIDDLE SCHOOL,Washington,,Public,Greg,Borgerding,gborgerd@whiteriver.wednet.edu, ,Paul,Weymiller,Grizzlies,Forest Black Silver , ,PO BOX 1976 ,BUCKLEY,98321,(360) 829-3395 ,http://www.whiteriver.wednet.edu/default.asp?page=Schools/gms/default.asp,